image_id,healthy,multiple_diseases,rust,scab
Test_0,0.17897508,0.1945939,0.447456,0.17897508
Test_1,0.17519397,0.17625661,0.47335544,0.17519397
Test_2,0.17559634,0.17680302,0.17537183,0.4722288
Test_3,0.4234155,0.18211447,0.18198933,0.21248072
Test_4,0.1757473,0.1787195,0.46978584,0.1757473
Test_5,0.4548298,0.1790847,0.17797025,0.18811528
Test_6,0.4615705,0.1773225,0.17699577,0.18411128
Test_7,0.18922083,0.31609645,0.19330233,0.30138046
Test_8,0.18232696,0.21412486,0.18252265,0.42102554
Test_9,0.17504989,0.17562588,0.4742744,0.17504989
Test_10,0.17532521,0.1768349,0.47251457,0.17532521
Test_11,0.47354478,0.17581734,0.17537293,0.17526497
Test_12,0.20220745,0.2585169,0.19032247,0.3489532
Test_13,0.46943325,0.17632495,0.17581242,0.17842941
Test_14,0.17487837,0.1748805,0.47536284,0.17487837
Test_15,0.17492266,0.17507248,0.4750822,0.17492266
Test_16,0.46368527,0.17685638,0.17985289,0.17960553
Test_17,0.17898491,0.19304404,0.1787902,0.44918087
Test_18,0.3592514,0.18902735,0.1875735,0.26414767
Test_19,0.17507815,0.17574921,0.47409454,0.17507815
Test_20,0.1866771,0.17789808,0.17753242,0.45789245
Test_21,0.1795745,0.17669879,0.17607906,0.46764758
Test_22,0.17487794,0.17487876,0.4753653,0.17487794
Test_23,0.18779442,0.23851094,0.18588077,0.38781396
Test_24,0.4420171,0.17996682,0.18491748,0.19309855
Test_25,0.17496338,0.17504036,0.17492431,0.47507197
Test_26,0.425818,0.18918827,0.18245825,0.2025354
Test_27,0.17577384,0.17883919,0.46961316,0.17577384
Test_28,0.47029287,0.17606641,0.17568174,0.177959
Test_29,0.17877093,0.19349596,0.44896233,0.17877069
Test_30,0.47127733,0.17559944,0.17555244,0.17757082
Test_31,0.17490767,0.1750075,0.47517714,0.17490767
Test_32,0.17882642,0.1926595,0.17866541,0.44984868
Test_33,0.17492807,0.17508622,0.17492628,0.47505948
Test_34,0.17966662,0.17622276,0.17601103,0.46809956
Test_35,0.17638455,0.17545138,0.17526664,0.47289747
Test_36,0.17488344,0.17490247,0.4753307,0.17488344
Test_37,0.1863717,0.1788103,0.17763524,0.45718277
Test_38,0.18732531,0.26351693,0.18746349,0.36169425
Test_39,0.17487827,0.17488013,0.47536337,0.17487827
Test_40,0.1752115,0.17633368,0.47324327,0.1752115
Test_41,0.17820933,0.19056381,0.45301753,0.17820933
Test_42,0.17518969,0.17615868,0.17517513,0.4734764
Test_43,0.17521465,0.17634746,0.47322324,0.17521465
Test_44,0.17803805,0.45446157,0.18004882,0.18745156
Test_45,0.18869689,0.29535094,0.32667443,0.18927775
Test_46,0.17602737,0.17577136,0.17532954,0.47287178
Test_47,0.17490093,0.1749783,0.47521982,0.17490093
Test_48,0.1749532,0.175205,0.47488856,0.1749532
Test_49,0.17488064,0.17489026,0.4753485,0.17488062
Test_50,0.17500691,0.17543854,0.47454768,0.17500691
Test_51,0.17809357,0.18997034,0.45384246,0.17809357
Test_52,0.1749564,0.17521892,0.47486824,0.1749564
Test_53,0.17489162,0.17493789,0.4752789,0.17489162
Test_54,0.20599988,0.27837488,0.2924731,0.22315209
Test_55,0.21782765,0.18291475,0.18276486,0.4164928
Test_56,0.18370982,0.2229438,0.1837755,0.40957087
Test_57,0.4454487,0.17977981,0.17925914,0.19551243
Test_58,0.32209384,0.19295897,0.18963006,0.29531714
Test_59,0.17489128,0.17493641,0.47528106,0.17489128
Test_60,0.27565035,0.1908871,0.18972003,0.34374252
Test_61,0.4685835,0.17639194,0.17594247,0.17908208
Test_62,0.18598711,0.38170025,0.24627744,0.18603519
Test_63,0.20162202,0.27446765,0.20926774,0.31464264
Test_64,0.18519852,0.17758004,0.17817211,0.45904934
Test_65,0.17489126,0.17493644,0.475281,0.17489126
Test_66,0.47490463,0.1749515,0.17499779,0.17514606
Test_67,0.17488319,0.1749014,0.47533223,0.17488319
Test_68,0.18202558,0.20872292,0.42427665,0.18497486
Test_69,0.17487781,0.17487809,0.47536632,0.17487781
Test_70,0.22751647,0.21599488,0.19022058,0.36626813
Test_71,0.17532912,0.17679518,0.47255504,0.17532066
Test_72,0.17819825,0.1879617,0.17778875,0.45605132
Test_73,0.45060584,0.1791677,0.1785623,0.19166407
Test_74,0.46758115,0.1765049,0.17684226,0.1790717
Test_75,0.18954606,0.20818408,0.1827854,0.41948444
Test_76,0.22385101,0.18408331,0.18365441,0.4084113
Test_77,0.17853197,0.19223855,0.45069745,0.178532
Test_78,0.1805631,0.2035551,0.18056242,0.4353194
Test_79,0.35380778,0.22404605,0.1901948,0.23195137
Test_80,0.1748777,0.17487773,0.4753668,0.1748777
Test_81,0.17496732,0.17526634,0.47479898,0.17496732
Test_82,0.17564958,0.17824405,0.4704625,0.17564389
Test_83,0.1751025,0.17585571,0.47393924,0.17510252
Test_84,0.17588888,0.17529145,0.17514409,0.47367552
Test_85,0.1779038,0.18865143,0.17784996,0.45559484
Test_86,0.17559475,0.1780321,0.47077858,0.17559446
Test_87,0.19612703,0.25194812,0.18976463,0.36216024
Test_88,0.17523828,0.47307503,0.17617486,0.17551185
Test_89,0.26704642,0.1915034,0.18806423,0.35338593
Test_90,0.17500298,0.17542149,0.4745725,0.17500298
Test_91,0.4733049,0.17590255,0.17520575,0.17558683
Test_92,0.19777957,0.18667091,0.18126942,0.4342801
Test_93,0.17521338,0.17634192,0.47323132,0.17521338
Test_94,0.17525986,0.17623693,0.17521885,0.4732844
Test_95,0.4604863,0.17840979,0.17726457,0.18383929
Test_96,0.36077723,0.18781713,0.18766533,0.2637403
Test_97,0.43025926,0.18133321,0.18118638,0.20722108
Test_98,0.17752683,0.45791984,0.18634947,0.17820385
Test_99,0.18199156,0.18051347,0.17719412,0.4603009
Test_100,0.17763302,0.18700063,0.17753942,0.45782697
Test_101,0.3931275,0.19160435,0.18539876,0.22986934
Test_102,0.20582111,0.18107861,0.18095516,0.4321451
Test_103,0.24522819,0.2134999,0.3428479,0.19842403
Test_104,0.17499119,0.17500663,0.1749232,0.47507906
Test_105,0.17562094,0.17771135,0.1755529,0.4711148
Test_106,0.45647445,0.17790698,0.17772502,0.18789355
Test_107,0.17487821,0.17487986,0.4753637,0.17487821
Test_108,0.17659731,0.18250315,0.17657721,0.4643224
Test_109,0.1850119,0.2359484,0.39398503,0.18505472
Test_110,0.39523894,0.1853478,0.18489137,0.23452197
Test_111,0.25792053,0.19238853,0.1876813,0.36200964
Test_112,0.18219769,0.42154342,0.21406116,0.18219769
Test_113,0.21816164,0.31913713,0.19181283,0.27088836
Test_114,0.18887848,0.29254895,0.32748955,0.191083
Test_115,0.17530237,0.17671801,0.4726722,0.17530747
Test_116,0.17488264,0.17489894,0.47533578,0.17488262
Test_117,0.1798431,0.19940268,0.4409111,0.1798431
Test_118,0.1748796,0.17488582,0.47535506,0.1748796
Test_119,0.47470698,0.1753073,0.17498301,0.1750027
Test_120,0.1749795,0.17531921,0.47472182,0.1749795
Test_121,0.1772291,0.18563661,0.45989382,0.17724045
Test_122,0.17528063,0.17663799,0.47280076,0.17528063
Test_123,0.17487974,0.17488652,0.475354,0.17487974
Test_124,0.17572744,0.17656092,0.17535102,0.47236067
Test_125,0.30006495,0.25803,0.20960456,0.23230049
Test_126,0.42372212,0.19117859,0.18455394,0.20054531
Test_127,0.17681193,0.17546178,0.17536667,0.47235963
Test_128,0.18039946,0.18473382,0.4486187,0.18624811
Test_129,0.17503466,0.1755594,0.4743713,0.17503464
Test_130,0.17488497,0.17490278,0.17488378,0.47532845
Test_131,0.17530993,0.1751355,0.17500706,0.47454754
Test_132,0.4737744,0.17528528,0.17514606,0.17579421
Test_133,0.1748823,0.17489105,0.17488107,0.47534558
Test_134,0.19492939,0.17956586,0.17914847,0.4463562
Test_135,0.17488317,0.17490135,0.47533223,0.17488316
Test_136,0.17512235,0.17506598,0.17495887,0.47485274
Test_137,0.17487776,0.17487785,0.4753667,0.17487776
Test_138,0.17509724,0.17583272,0.47397283,0.17509724
Test_139,0.4751767,0.17491911,0.17491713,0.17498708
Test_140,0.17627464,0.18112934,0.46632135,0.1762747
Test_141,0.1749034,0.17498788,0.17490324,0.47520545
Test_142,0.3346694,0.2451269,0.1932323,0.22697134
Test_143,0.39563173,0.18575346,0.18593949,0.23267536
Test_144,0.46086213,0.17760289,0.17713761,0.18439738
Test_145,0.17561369,0.1763837,0.17533335,0.4726692
Test_146,0.1751888,0.17623381,0.47338867,0.1751888
Test_147,0.17795281,0.1892541,0.4548403,0.17795281
Test_148,0.46056098,0.17918465,0.17834456,0.18190975
Test_149,0.17495158,0.17519781,0.47489908,0.17495157
Test_150,0.17808895,0.17799947,0.17605905,0.46785247
Test_151,0.17494558,0.17517191,0.47493693,0.17494558
Test_152,0.17488052,0.1748898,0.47534925,0.17488052
Test_153,0.17495184,0.17500386,0.17491528,0.475129
Test_154,0.17506881,0.1757085,0.47415388,0.17506881
Test_155,0.17491356,0.175033,0.4751399,0.17491356
Test_156,0.4304767,0.18156075,0.18412857,0.20383392
Test_157,0.18737623,0.18810001,0.44483224,0.17969157
Test_158,0.1751215,0.17507982,0.17496133,0.47483736
Test_159,0.17493702,0.17513478,0.47499117,0.17493702
Test_160,0.46733192,0.17680314,0.17835844,0.17750652
Test_161,0.44499445,0.1806608,0.17975038,0.19459437
Test_162,0.17487863,0.17488171,0.475361,0.17487863
Test_163,0.17774245,0.18819325,0.45632192,0.17774232
Test_164,0.18063201,0.20313752,0.18055408,0.43567634
Test_165,0.17489706,0.1749529,0.17489545,0.47525457
Test_166,0.17495346,0.17520618,0.47488683,0.17495346
Test_167,0.17503855,0.17557634,0.4743466,0.17503855
Test_168,0.1757048,0.17842163,0.47013703,0.17573653
Test_169,0.17488079,0.17489097,0.47534752,0.17488079
Test_170,0.18933234,0.1861296,0.17965584,0.4448823
Test_171,0.17487817,0.17487967,0.47536397,0.17487817
Test_172,0.18750675,0.26688007,0.3581064,0.18750675
Test_173,0.17487772,0.17487772,0.47536686,0.17487772
Test_174,0.24173507,0.18766429,0.18590166,0.38469893
Test_175,0.27874896,0.22257334,0.19154412,0.30713362
Test_176,0.17552039,0.17504197,0.47440845,0.17502919
Test_177,0.17607594,0.17561665,0.17523962,0.47306776
Test_178,0.17488882,0.17489462,0.17488298,0.47533363
Test_179,0.17488948,0.1749287,0.47529227,0.17488948
Test_180,0.17495577,0.17521618,0.4748722,0.17495577
Test_181,0.17597269,0.17823513,0.1757097,0.4700825
Test_182,0.17504661,0.17561163,0.47429517,0.17504661
Test_183,0.27498758,0.18970746,0.18816446,0.34714052
Test_184,0.47292194,0.17530186,0.17526382,0.1765124
Test_185,0.29407722,0.24227132,0.2542684,0.20938303
Test_186,0.18773787,0.26776278,0.18767053,0.35682878
Test_187,0.17487776,0.1748779,0.4753666,0.17487776
Test_188,0.17488456,0.17490733,0.47532362,0.17488456
Test_189,0.444117,0.17971429,0.17943096,0.19673772
Test_190,0.17487778,0.17487799,0.4753665,0.17487778
Test_191,0.1748789,0.1748829,0.47535926,0.1748789
Test_192,0.17624313,0.18098356,0.4665302,0.17624313
Test_193,0.17489968,0.17497277,0.47522795,0.17489968
Test_194,0.17498863,0.17535901,0.47466373,0.17498863
Test_195,0.42868328,0.20377313,0.18217346,0.18537015
Test_196,0.17676258,0.4631569,0.18104222,0.17903823
Test_197,0.17495252,0.1752018,0.47489306,0.17495263
Test_198,0.19848105,0.4169827,0.18756218,0.19697407
Test_199,0.20401315,0.22828425,0.30088964,0.26681295
Test_200,0.17688382,0.18399478,0.46223754,0.17688382
Test_201,0.18727489,0.22483416,0.18770978,0.4001812
Test_202,0.17547774,0.17751093,0.47153312,0.17547825
Test_203,0.17775632,0.18826379,0.4562236,0.17775632
Test_204,0.17542803,0.17716843,0.17541116,0.47199237
Test_205,0.1752196,0.17501798,0.17496814,0.47479427
Test_206,0.17493571,0.1749806,0.17490792,0.47517586
Test_207,0.1749363,0.17512967,0.47499806,0.17493601
Test_208,0.19558778,0.36122862,0.2528738,0.1903098
Test_209,0.17487799,0.17487894,0.47536504,0.17487799
Test_210,0.24530144,0.20812058,0.19011632,0.35646164
Test_211,0.18282376,0.21770959,0.41670224,0.18276434
Test_212,0.17490181,0.17498213,0.47521418,0.17490181
Test_213,0.17490941,0.17501469,0.4751666,0.17490935
Test_214,0.17487772,0.17487772,0.47536686,0.17487772
Test_215,0.18148515,0.1821775,0.17806523,0.45827213
Test_216,0.47511894,0.17500435,0.1749178,0.1749589
Test_217,0.17678195,0.17566565,0.17538191,0.47217047
Test_218,0.4722764,0.1754631,0.17536587,0.1768947
Test_219,0.17807332,0.18986697,0.45398638,0.17807332
Test_220,0.17985806,0.19910723,0.18012638,0.44090828
Test_221,0.22770736,0.3715201,0.19782385,0.20294872
Test_222,0.17498596,0.1753473,0.47468072,0.17498605
Test_223,0.1749395,0.17514554,0.47497547,0.1749395
Test_224,0.17963527,0.19609778,0.4432914,0.18097553
Test_225,0.27638093,0.18991762,0.1882797,0.3454218
Test_226,0.1752936,0.17669521,0.47271758,0.1752936
Test_227,0.1750188,0.17512938,0.17495139,0.47490036
Test_228,0.17488343,0.17490241,0.47533077,0.17488343
Test_229,0.18814683,0.27980143,0.34390494,0.18814683
Test_230,0.17564584,0.17801353,0.17560472,0.47073585
Test_231,0.1751366,0.17497072,0.17494386,0.47494888
Test_232,0.4747055,0.17503175,0.17513391,0.17512882
Test_233,0.47405526,0.17511585,0.17508548,0.17574339
Test_234,0.17588545,0.17522307,0.17513089,0.4737606
Test_235,0.18127519,0.20795722,0.18127485,0.42949274
Test_236,0.17534916,0.17694066,0.47236106,0.17534916
Test_237,0.18105635,0.20252877,0.1812995,0.43511534
Test_238,0.17487773,0.1748778,0.47536677,0.17487773
Test_239,0.1748978,0.17496468,0.4752398,0.1748978
Test_240,0.17506522,0.17569281,0.47417676,0.17506522
Test_241,0.1748777,0.17487773,0.4753668,0.1748777
Test_242,0.28119883,0.21119474,0.19081134,0.31679502
Test_243,0.4449868,0.1798318,0.17933322,0.19584812
Test_244,0.17590766,0.17895791,0.1758266,0.46930784
Test_245,0.17655854,0.18245354,0.46442938,0.17655854
Test_246,0.17497724,0.17527983,0.17497171,0.47477126
Test_247,0.17488094,0.17489135,0.17488086,0.47534677
Test_248,0.21081579,0.2392725,0.18940642,0.3605053
Test_249,0.1748888,0.17492579,0.47529656,0.1748888
Test_250,0.47428438,0.17526354,0.17508589,0.17536618
Test_251,0.47524208,0.17490754,0.17489778,0.17495257
Test_252,0.17487776,0.17487785,0.4753667,0.17487776
Test_253,0.18765876,0.25483602,0.18689267,0.37061256
Test_254,0.1778103,0.18186809,0.17669243,0.4636292
Test_255,0.17495771,0.17503045,0.17492138,0.47509047
Test_256,0.18775664,0.25461984,0.1868703,0.37075323
Test_257,0.17492354,0.17507626,0.4750767,0.17492354
Test_258,0.18430662,0.23009796,0.4012888,0.18430662
Test_259,0.370569,0.1901077,0.1874457,0.25187758
Test_260,0.1779212,0.17579505,0.1756115,0.47067225
Test_261,0.17497718,0.17530927,0.47473633,0.17497718
Test_262,0.17602149,0.17528073,0.17516823,0.47352955
Test_263,0.46934542,0.17648208,0.17586578,0.17830676
Test_264,0.47163513,0.17567468,0.17546529,0.17722495
Test_265,0.17487772,0.17487776,0.47536677,0.17487772
Test_266,0.1748813,0.17489013,0.17488071,0.47534785
Test_267,0.47304535,0.1753354,0.17524548,0.17637372
Test_268,0.17488112,0.17489253,0.47534516,0.17488112
Test_269,0.38031998,0.18755628,0.18618365,0.24594006
Test_270,0.17619215,0.18007226,0.17613377,0.4676018
Test_271,0.22981694,0.18618338,0.18457626,0.39942336
Test_272,0.17595786,0.17967409,0.46841028,0.17595786
Test_273,0.46685353,0.1764213,0.17619868,0.1805265
Test_274,0.17491022,0.1750185,0.475161,0.17491022
Test_275,0.17488508,0.1749096,0.47532028,0.17488508
Test_276,0.18916899,0.3436865,0.19607651,0.271068
Test_277,0.17554863,0.1757233,0.17518248,0.47354558
Test_278,0.17498942,0.17505272,0.17493148,0.47502634
Test_279,0.17489924,0.17497092,0.4752306,0.17489924
Test_280,0.18677074,0.2554366,0.18675657,0.37103605
Test_281,0.17528805,0.17650853,0.17525862,0.47294477
Test_282,0.17879763,0.4489063,0.1926718,0.17962424
Test_283,0.17488739,0.17491958,0.47530574,0.17488739
Test_284,0.1749052,0.1749967,0.47519296,0.1749052
Test_285,0.1853024,0.214749,0.18339473,0.4165539
Test_286,0.17506409,0.17568345,0.17506331,0.4741891
Test_287,0.18273161,0.4173421,0.21557947,0.18434688
Test_288,0.18455632,0.22954525,0.18602742,0.39987102
Test_289,0.17492649,0.17489423,0.17488995,0.47528926
Test_290,0.17502916,0.1755355,0.4744062,0.17502916
Test_291,0.17488873,0.17492546,0.475297,0.17488873
Test_292,0.46960512,0.17730823,0.17616743,0.17691927
Test_293,0.1749969,0.17539498,0.47461116,0.1749969
Test_294,0.1748873,0.1749136,0.47531164,0.17488746
Test_295,0.1749465,0.17489386,0.47526577,0.17489389
Test_296,0.19000684,0.38665003,0.19372983,0.22961333
Test_297,0.21717821,0.18340874,0.18277131,0.41664177
Test_298,0.17521149,0.17633353,0.47324353,0.17521149
Test_299,0.17544238,0.1769473,0.47223774,0.17537263
Test_300,0.18055971,0.17946506,0.17681813,0.46315712
Test_301,0.37742808,0.18705103,0.1863515,0.24916938
Test_302,0.18894489,0.30578786,0.19041738,0.31484985
Test_303,0.43396658,0.1847964,0.1808408,0.20039621
Test_304,0.47401944,0.17530133,0.1754194,0.17525978
Test_305,0.18526706,0.18677026,0.17945234,0.44851032
Test_306,0.22460695,0.2006815,0.18614185,0.38856965
Test_307,0.40607405,0.21429223,0.18633057,0.1933031
Test_308,0.19614327,0.18543664,0.18074808,0.43767196
Test_309,0.17504847,0.17561974,0.47428337,0.17504847
Test_310,0.1749499,0.17519067,0.4749095,0.1749499
Test_311,0.17496347,0.1752496,0.4748235,0.17496347
Test_312,0.1753278,0.17500879,0.17498657,0.47467685
Test_313,0.17491873,0.17504503,0.17491679,0.47511944
Test_314,0.1752825,0.17581473,0.17512867,0.4737742
Test_315,0.18405434,0.17709935,0.1769344,0.4619119
Test_316,0.17494188,0.17514864,0.4749688,0.1749407
Test_317,0.17742527,0.18661995,0.45852953,0.17742527
Test_318,0.18628071,0.3840753,0.18603753,0.24360645
Test_319,0.17516771,0.17614137,0.47352317,0.17516771
Test_320,0.17488189,0.17489564,0.47534057,0.17488188
Test_321,0.4407941,0.19310845,0.18031532,0.18578205
Test_322,0.4592034,0.17800146,0.17735255,0.1854426
Test_323,0.17488043,0.17488949,0.4753497,0.17488043
Test_324,0.1748777,0.17487773,0.4753668,0.1748777
Test_325,0.17501758,0.17541847,0.17500518,0.47455874
Test_326,0.17492454,0.17508061,0.4750703,0.17492454
Test_327,0.17508432,0.17546687,0.17502679,0.47442198
Test_328,0.174882,0.17489626,0.47533977,0.174882
Test_329,0.17487812,0.17487952,0.47536424,0.17487812
Test_330,0.1748939,0.17494789,0.47526425,0.1748939
Test_331,0.18825422,0.28192928,0.3414566,0.18835993
Test_332,0.47254843,0.17588805,0.17568816,0.1758753
Test_333,0.1763112,0.18129876,0.46607888,0.1763112
Test_334,0.17487772,0.17487772,0.47536686,0.17487772
Test_335,0.47071847,0.17582616,0.17560902,0.17784636
Test_336,0.18082845,0.20521721,0.43312588,0.18082847
Test_337,0.36548242,0.1911405,0.1874103,0.25596675
Test_338,0.47439477,0.17507799,0.17503156,0.17549564
Test_339,0.17487898,0.17488323,0.47535878,0.17487898
Test_340,0.19647184,0.21528155,0.40364298,0.1846036
Test_341,0.43326113,0.18175206,0.18084711,0.20413966
Test_342,0.4500609,0.18068504,0.17866029,0.19059366
Test_343,0.47440675,0.17503045,0.17503145,0.17553136
Test_344,0.17504202,0.4743245,0.1755915,0.17504202
Test_345,0.17541596,0.17723684,0.47193113,0.17541596
Test_346,0.18845528,0.2887567,0.3343328,0.18845528
Test_347,0.17487772,0.17487772,0.47536686,0.17487772
Test_348,0.17556046,0.17652045,0.17531188,0.47260728
Test_349,0.18184094,0.42474985,0.2113032,0.18210605
Test_350,0.17627998,0.18098928,0.17625387,0.46647692
Test_351,0.17487772,0.17487772,0.47536686,0.17487772
Test_352,0.189766,0.3416933,0.1885316,0.280009
Test_353,0.17529002,0.17553812,0.47408205,0.17508979
Test_354,0.17487915,0.17488398,0.4753577,0.17487915
Test_355,0.17631026,0.18027759,0.17728885,0.46612337
Test_356,0.4506852,0.19127285,0.17906922,0.1789727
Test_357,0.47323498,0.17522648,0.17521289,0.1763256
Test_358,0.19023779,0.2909746,0.19149643,0.32729122
Test_359,0.17631306,0.17832613,0.17578505,0.4695758
Test_360,0.17518725,0.1762183,0.17518584,0.47340858
Test_361,0.45727524,0.17774552,0.17760967,0.18736961
Test_362,0.37086195,0.187028,0.18678632,0.2553237
Test_363,0.17488052,0.1748898,0.47534925,0.17488052
Test_364,0.17490745,0.17500657,0.47517842,0.17490745
Test_365,0.17490417,0.1749923,0.4751993,0.17490417
Test_366,0.17487776,0.1748779,0.4753666,0.17487776
Test_367,0.17488943,0.1748949,0.17488314,0.4753325
Test_368,0.47395596,0.17534126,0.17510368,0.17559908
Test_369,0.17539127,0.17712708,0.17539145,0.4720902
Test_370,0.17487776,0.17487788,0.4753666,0.17487776
Test_371,0.17946209,0.19725847,0.44381732,0.17946209
Test_372,0.20087707,0.18410109,0.18126634,0.43375552
Test_373,0.17487903,0.17488344,0.47535852,0.17487903
Test_374,0.17496896,0.17527343,0.47478873,0.17496896
Test_375,0.17697392,0.17581375,0.17544234,0.47177
Test_376,0.474855,0.1750447,0.17499617,0.17510419
Test_377,0.4701267,0.17575602,0.17569575,0.17842153
Test_378,0.17488885,0.17492591,0.47529635,0.17488885
Test_379,0.17617813,0.18000571,0.46771714,0.17609896
Test_380,0.17493762,0.1751216,0.17493469,0.4750061
Test_381,0.19494693,0.3831153,0.18902233,0.23291549
Test_382,0.17644279,0.18005157,0.1761172,0.46738848
Test_383,0.45965916,0.1781118,0.1774077,0.18482128
Test_384,0.17487775,0.17487794,0.47536653,0.17487775
Test_385,0.18104458,0.1764864,0.17630385,0.46616513
Test_386,0.17670268,0.18313326,0.46346137,0.17670268
Test_387,0.17685544,0.17640215,0.17568044,0.4710619
Test_388,0.33779585,0.18884172,0.18852359,0.28483883
Test_389,0.474507,0.17503783,0.17501545,0.17543969
Test_390,0.4661542,0.176871,0.17634413,0.18063064
Test_391,0.1749778,0.17531188,0.47473252,0.1749778
Test_392,0.1780984,0.18878277,0.45516548,0.1779533
Test_393,0.19256766,0.17910302,0.17887084,0.44945845
Test_394,0.17565751,0.17514712,0.175074,0.4741214
Test_395,0.17494303,0.17516083,0.47495314,0.17494303
Test_396,0.17499048,0.17533387,0.17498516,0.4746905
Test_397,0.35336822,0.18963191,0.18806961,0.26893023
Test_398,0.17488693,0.17491765,0.47530842,0.17488693
Test_399,0.20297195,0.1943578,0.18284823,0.419822
Test_400,0.17563389,0.17820929,0.47052288,0.17563389
Test_401,0.17730716,0.18604079,0.4593449,0.17730716
Test_402,0.17509276,0.17528631,0.17499466,0.4746263
Test_403,0.17500696,0.1754387,0.47454736,0.17500696
Test_404,0.18806362,0.17853566,0.17787087,0.45552978
Test_405,0.17576295,0.17552131,0.17516363,0.4735521
Test_406,0.17491001,0.17501739,0.17490998,0.47516266
Test_407,0.17489202,0.17489731,0.17488413,0.4753265
Test_408,0.17500152,0.17532958,0.17498559,0.47468334
Test_409,0.18720435,0.26111877,0.36423337,0.18744354
Test_410,0.17608488,0.17527595,0.17517777,0.47346133
Test_411,0.46628237,0.17676897,0.17629558,0.18065304
Test_412,0.18285848,0.2187193,0.41556367,0.1828585
Test_413,0.4470917,0.19081546,0.17954712,0.1825458
Test_414,0.17487974,0.17488648,0.47535405,0.17487974
Test_415,0.17487772,0.17487776,0.47536677,0.17487772
Test_416,0.39279452,0.18554147,0.18511777,0.23654622
Test_417,0.17487963,0.17488603,0.4753547,0.17487963
Test_418,0.47144789,0.17636311,0.17555612,0.17663284
Test_419,0.4740746,0.17513509,0.17509452,0.1756957
Test_420,0.17487797,0.17487882,0.47536525,0.17487797
Test_421,0.1756336,0.17740513,0.17548738,0.47147396
Test_422,0.19094676,0.17832564,0.17832318,0.45240444
Test_423,0.17487772,0.17487772,0.47536686,0.17487772
Test_424,0.17502905,0.175535,0.4744069,0.17502905
Test_425,0.25167212,0.25989246,0.19944151,0.28899392
Test_426,0.17489715,0.17496191,0.47524378,0.17489715
Test_427,0.17510508,0.17519875,0.17498052,0.4747157
Test_428,0.17490812,0.17489688,0.17488702,0.475308
Test_429,0.174883,0.17490053,0.4753335,0.174883
Test_430,0.18869992,0.29681987,0.32550427,0.188976
Test_431,0.18685065,0.44593024,0.18781626,0.17940284
Test_432,0.18417354,0.22889212,0.18418166,0.40275273
Test_433,0.17493056,0.17491026,0.17489381,0.47526532
Test_434,0.17537965,0.17518666,0.17503071,0.474403
Test_435,0.43752247,0.18079479,0.1802996,0.20138322
Test_436,0.17635982,0.17988741,0.17620821,0.46754447
Test_437,0.17487802,0.17487904,0.47536486,0.17487802
Test_438,0.18697372,0.25865206,0.3674005,0.18697372
Test_439,0.1751769,0.17618166,0.47346455,0.1751769
Test_440,0.17487799,0.17487894,0.47536504,0.17487799
Test_441,0.31956032,0.19081719,0.18895505,0.30066743
Test_442,0.17487885,0.17488258,0.4753598,0.17487885
Test_443,0.43449634,0.19552934,0.18286327,0.18711103
Test_444,0.45298275,0.17882629,0.17822616,0.18996479
Test_445,0.17492461,0.1750809,0.4750699,0.17492461
Test_446,0.1765564,0.18244341,0.46444377,0.1765564
Test_447,0.17488196,0.17489621,0.47533977,0.17488196
Test_448,0.17487802,0.17487906,0.47536486,0.17487802
Test_449,0.18928471,0.18008055,0.17869356,0.45194125
Test_450,0.1751074,0.17587516,0.4739102,0.17510721
Test_451,0.17491944,0.17505853,0.47510254,0.17491944
Test_452,0.175016,0.17547813,0.47448987,0.175016
Test_453,0.17492472,0.17504612,0.17491859,0.47511056
Test_454,0.17488103,0.1748921,0.4753458,0.17488103
Test_455,0.17487884,0.17488241,0.1748788,0.47535992
Test_456,0.17745778,0.18678005,0.45830444,0.1774578
Test_457,0.1752742,0.17504565,0.17498565,0.47469443
Test_458,0.17953418,0.17824271,0.1763545,0.4658686
Test_459,0.1748783,0.1748803,0.47536305,0.1748783
Test_460,0.17672297,0.17954311,0.17615533,0.46757862
Test_461,0.18055394,0.20342892,0.18053715,0.43547997
Test_462,0.17520893,0.17632201,0.47326013,0.17520887
Test_463,0.18142529,0.18798871,0.1789126,0.4516734
Test_464,0.47156832,0.17559561,0.17547455,0.17736144
Test_465,0.17487772,0.17487772,0.47536686,0.17487772
Test_466,0.17487867,0.17488185,0.4753609,0.17487867
Test_467,0.22743903,0.21914865,0.1914974,0.36191487
Test_468,0.4559518,0.18524747,0.17985149,0.17894918
Test_469,0.17487817,0.17487961,0.47536412,0.17487817
Test_470,0.1883456,0.34269014,0.27915412,0.18981011
Test_471,0.17535336,0.17690764,0.47239482,0.17534417
Test_472,0.44044226,0.18498982,0.18009472,0.1944732
Test_473,0.18526152,0.39482966,0.22740856,0.19250022
Test_474,0.17488092,0.17489165,0.47534645,0.17488092
Test_475,0.17847167,0.19160631,0.17842314,0.45149884
Test_476,0.17955673,0.17608203,0.17615463,0.46820655
Test_477,0.17882515,0.17821941,0.17622052,0.46673486
Test_478,0.17561327,0.17617014,0.17527354,0.472943
Test_479,0.17619866,0.17563756,0.17526634,0.4728974
Test_480,0.17511,0.17588851,0.47389153,0.17511
Test_481,0.17648616,0.18164699,0.1764451,0.46542174
Test_482,0.17558296,0.17512113,0.1750562,0.4742396
Test_483,0.17506638,0.17569785,0.47416937,0.17506638
Test_484,0.45408547,0.18087602,0.17810541,0.1869331
Test_485,0.43021962,0.19454773,0.18623362,0.18899901
Test_486,0.17596547,0.17924422,0.17588235,0.46890798
Test_487,0.46902096,0.17601062,0.17614137,0.17882706
Test_488,0.17488037,0.17488922,0.4753501,0.17488037
Test_489,0.17489746,0.17496328,0.47524175,0.17489746
Test_490,0.17487861,0.17488155,0.47536132,0.17487861
Test_491,0.1749235,0.1750761,0.4750769,0.1749235
Test_492,0.18175563,0.18241565,0.17748433,0.4583444
Test_493,0.18381841,0.4073835,0.22448817,0.18430996
Test_494,0.17487772,0.17487772,0.47536686,0.17487772
Test_495,0.17494093,0.17500637,0.174914,0.47513863
Test_496,0.44515795,0.17947477,0.17928937,0.19607788
Test_497,0.17609091,0.17743872,0.1755973,0.470873
Test_498,0.46938887,0.17598446,0.175812,0.17881462
Test_499,0.17513472,0.17599674,0.47373378,0.17513472
Test_500,0.17497209,0.1752871,0.47476867,0.17497209
Test_501,0.36043137,0.18781357,0.18742655,0.26432848
Test_502,0.46799165,0.17609549,0.17987055,0.1760423
Test_503,0.39870003,0.18685679,0.2127286,0.20171455
Test_504,0.20001225,0.22790578,0.20034724,0.37173474
Test_505,0.17579061,0.17852846,0.17574109,0.46993986
Test_506,0.17487893,0.17488298,0.47535917,0.17487893
Test_507,0.1802168,0.20114818,0.43813285,0.18050218
Test_508,0.17488222,0.17489716,0.47533843,0.17488222
Test_509,0.18601494,0.24668096,0.3812892,0.18601494
Test_510,0.17488106,0.17489219,0.47534564,0.17488106
Test_511,0.17669995,0.1831188,0.17670006,0.4634812
Test_512,0.47265345,0.17536122,0.17530492,0.17668043
Test_513,0.17567714,0.17824055,0.17564797,0.47043434
Test_514,0.3571016,0.20191632,0.18853675,0.25244537
Test_515,0.17487773,0.1748778,0.47536677,0.17487773
Test_516,0.17487793,0.17487869,0.4753654,0.17487793
Test_517,0.18933292,0.284986,0.1886788,0.33700234
Test_518,0.17487915,0.17488392,0.47535786,0.17487915
Test_519,0.17926042,0.19185929,0.1788726,0.4500077
Test_520,0.17488222,0.17489716,0.47533843,0.17488222
Test_521,0.36287403,0.19033417,0.18748082,0.25931105
Test_522,0.17488746,0.17491987,0.4753053,0.17488746
Test_523,0.17487782,0.17487815,0.47536626,0.17487782
Test_524,0.17487875,0.17488213,0.47536045,0.17487875
Test_525,0.18675664,0.38854244,0.2389246,0.18577628
Test_526,0.17547177,0.17748488,0.47157153,0.17547177
Test_527,0.17487797,0.17487887,0.4753652,0.17487797
Test_528,0.17491202,0.17502637,0.47514957,0.17491202
Test_529,0.19217084,0.22775748,0.29260206,0.28746963
Test_530,0.19789839,0.18143389,0.17993283,0.44073492
Test_531,0.17488056,0.17489003,0.47534886,0.17488056
Test_532,0.17539987,0.17713046,0.47205275,0.17541687
Test_533,0.30751067,0.19983493,0.19795656,0.29469782
Test_534,0.18348506,0.17688893,0.1769942,0.46263185
Test_535,0.17487797,0.1748789,0.4753651,0.17487797
Test_536,0.1748787,0.17488198,0.47536066,0.1748787
Test_537,0.17487837,0.17488065,0.4753625,0.17487837
Test_538,0.17488092,0.17488183,0.17487907,0.47535813
Test_539,0.17487855,0.17488143,0.47536144,0.17487855
Test_540,0.17487772,0.17487772,0.47536686,0.17487772
Test_541,0.47477648,0.17498691,0.17497256,0.17526406
Test_542,0.4644101,0.17660221,0.17656235,0.18242538
Test_543,0.17509812,0.17583467,0.4739694,0.17509776
Test_544,0.17950656,0.19750337,0.44348127,0.17950869
Test_545,0.17500052,0.17526878,0.47475487,0.17497584
Test_546,0.38102904,0.22048481,0.2011767,0.19730945
Test_547,0.17500031,0.17540987,0.47458947,0.17500031
Test_548,0.17627198,0.18111704,0.46633902,0.17627198
Test_549,0.17692679,0.18277083,0.17668398,0.46361843
Test_550,0.17609012,0.17626911,0.17550096,0.47213987
Test_551,0.43748602,0.18545337,0.18046755,0.19659305
Test_552,0.17487822,0.17487997,0.47536352,0.17487822
Test_553,0.18070364,0.17640169,0.17622988,0.46666482
Test_554,0.18112664,0.20467184,0.18089575,0.4333057
Test_555,0.19926922,0.18637028,0.18112232,0.4332382
Test_556,0.47424453,0.17513819,0.17506766,0.17554961
Test_557,0.17925198,0.19609877,0.44539723,0.17925198
Test_558,0.17514752,0.1760528,0.47365215,0.17514752
Test_559,0.43829608,0.18647622,0.18539014,0.18983755
Test_560,0.17490354,0.17498964,0.4752032,0.17490354
Test_561,0.17852877,0.19222246,0.45071992,0.17852877
Test_562,0.17510293,0.17584826,0.47394636,0.17510241
Test_563,0.1752285,0.17640838,0.47313458,0.17522849
Test_564,0.17654243,0.18237785,0.46453735,0.17654243
Test_565,0.17502002,0.17549565,0.47446433,0.17502002
Test_566,0.18498796,0.23619895,0.3938251,0.18498796
Test_567,0.17578454,0.17630278,0.17532398,0.47258875
Test_568,0.17495398,0.17520836,0.4748837,0.17495398
Test_569,0.46610546,0.17780016,0.17681468,0.17927963
Test_570,0.2032743,0.18636163,0.18149927,0.42886475
Test_571,0.17487772,0.17487772,0.47536686,0.17487772
Test_572,0.1762078,0.17729594,0.17558055,0.4709157
Test_573,0.4157538,0.18707049,0.1830865,0.21408918
Test_574,0.1778122,0.1756219,0.17555961,0.47100624
Test_575,0.43370646,0.19602045,0.18142325,0.18884993
Test_576,0.19304109,0.28555554,0.18954442,0.33185896
Test_577,0.18547179,0.38825744,0.18559748,0.24067333
Test_578,0.2932546,0.23930156,0.26592857,0.20151529
Test_579,0.40595773,0.20012572,0.18600963,0.20790689
Test_580,0.17964496,0.19828069,0.44242948,0.17964496
Test_581,0.44007707,0.1992498,0.18050855,0.18016456
Test_582,0.18676595,0.25580785,0.37066025,0.18676595
Test_583,0.44466698,0.1796548,0.17935729,0.19632089
Test_584,0.41935563,0.18366201,0.20941964,0.18756272
Test_585,0.17490163,0.17498128,0.47521546,0.17490163
Test_586,0.44190568,0.18132335,0.19437167,0.18239932
Test_587,0.17491408,0.17503522,0.4751366,0.17491408
Test_588,0.17487773,0.1748778,0.47536677,0.17487773
Test_589,0.17487775,0.17487781,0.4753667,0.17487775
Test_590,0.17488709,0.17491825,0.47530767,0.17488709
Test_591,0.17498015,0.17532204,0.47471774,0.17498015
Test_592,0.38832057,0.18617226,0.1855012,0.240006
Test_593,0.18260537,0.21690083,0.41788843,0.18260537
Test_594,0.17511082,0.17589206,0.4738864,0.17511082
Test_595,0.17615134,0.18044534,0.17613164,0.46727175
Test_596,0.24000856,0.1912788,0.33751684,0.23119581
Test_597,0.17489405,0.1749336,0.17489125,0.47528112
Test_598,0.17487966,0.17488612,0.47535464,0.17487966
Test_599,0.1967443,0.19479933,0.35709006,0.25136635
Test_600,0.17488614,0.17491418,0.4753136,0.17488614
Test_601,0.17606962,0.18018469,0.17606972,0.46767598
Test_602,0.18152635,0.42738324,0.20948218,0.18160829
Test_603,0.17513585,0.1750781,0.17496373,0.4748223
Test_604,0.17524518,0.17635588,0.47314665,0.17525226
Test_605,0.44801933,0.18351755,0.17908557,0.18937762
Test_606,0.2524164,0.18792015,0.1874637,0.3721998
Test_607,0.19138464,0.18352261,0.18052565,0.4445671
Test_608,0.17505595,0.175212,0.17497677,0.47475535
Test_609,0.40389344,0.1854957,0.18412791,0.22648296
Test_610,0.17587249,0.46899334,0.17805028,0.1770838
Test_611,0.47035947,0.17612842,0.17567626,0.17783587
Test_612,0.17488155,0.17489436,0.47534245,0.17488155
Test_613,0.45018473,0.18027848,0.17870304,0.19083372
Test_614,0.17580691,0.17898868,0.46939754,0.17580691
Test_615,0.17488126,0.17489313,0.4753443,0.17488126
Test_616,0.18061693,0.17651723,0.17625953,0.46660626
Test_617,0.27477974,0.21218762,0.19848362,0.31454903
Test_618,0.24186875,0.20649564,0.19158721,0.36004847
Test_619,0.17537771,0.17706598,0.4721778,0.17537846
Test_620,0.17505638,0.17565429,0.47423294,0.17505638
Test_621,0.18605688,0.18110181,0.17805542,0.45478582
Test_622,0.17500135,0.17541431,0.47458303,0.17500135
Test_623,0.17585407,0.17634273,0.17533349,0.47246972
Test_624,0.1753351,0.17687857,0.47245118,0.1753351
Test_625,0.17921045,0.17960633,0.17656675,0.46461648
Test_626,0.17520653,0.17631179,0.4732752,0.17520653
Test_627,0.46066195,0.18066214,0.17783034,0.18084554
Test_628,0.17578596,0.17527342,0.17512324,0.47381732
Test_629,0.41040277,0.18370116,0.18341736,0.22247869
Test_630,0.46275195,0.17716362,0.17681213,0.18327232
Test_631,0.46084335,0.17735343,0.17709312,0.18471012
Test_632,0.44035664,0.18046069,0.18074965,0.19843304
Test_633,0.17518328,0.17620969,0.47342372,0.17518328
Test_634,0.17495246,0.17517444,0.1749474,0.47492576
Test_635,0.45369017,0.17909133,0.17829618,0.18892233
Test_636,0.1904608,0.326202,0.21176624,0.27157095
Test_637,0.17490892,0.17501286,0.4751694,0.17490892
Test_638,0.4506154,0.17967215,0.17873354,0.19097883
Test_639,0.17488,0.1748876,0.4753525,0.17488
Test_640,0.18134141,0.2082143,0.42895877,0.18148555
Test_641,0.17489175,0.17493857,0.4752778,0.17489175
Test_642,0.17636088,0.1815118,0.17635934,0.46576798
Test_643,0.25488138,0.1946837,0.18778926,0.3626457
Test_644,0.18729268,0.26319823,0.18736568,0.36214343
Test_645,0.47478464,0.17507762,0.17510907,0.17502868
Test_646,0.1748807,0.17489068,0.47534785,0.1748807
Test_647,0.1749274,0.17509279,0.47505245,0.17492735
Test_648,0.45961636,0.17732115,0.17726864,0.18579389
Test_649,0.17505032,0.17562741,0.4742721,0.17505029
Test_650,0.18297598,0.21957865,0.41446945,0.18297598
Test_651,0.17493534,0.17512126,0.17493421,0.47500917
Test_652,0.17680322,0.18361033,0.46278328,0.17680322
Test_653,0.44848344,0.17906465,0.17884015,0.19361188
Test_654,0.20292646,0.19485575,0.41892847,0.18328932
Test_655,0.17513265,0.17598212,0.17513192,0.47375333
Test_656,0.17495044,0.17516348,0.17494577,0.47494033
Test_657,0.17495438,0.17521012,0.47488108,0.17495438
Test_658,0.47446787,0.17507361,0.17502812,0.17543043
Test_659,0.19019741,0.24841253,0.3402338,0.22115622
Test_660,0.17490838,0.17501058,0.4751726,0.17490838
Test_661,0.1860987,0.24615584,0.18671307,0.3810324
Test_662,0.1777801,0.1755734,0.17554487,0.47110167
Test_663,0.17531265,0.17677934,0.4725954,0.17531265
Test_664,0.1748784,0.17488067,0.47536257,0.1748784
Test_665,0.1770589,0.18445171,0.17701292,0.46147645
Test_666,0.17495148,0.17519756,0.47489953,0.17495148
Test_667,0.47423917,0.17512134,0.17505743,0.17558202
Test_668,0.18402542,0.22774562,0.40420347,0.18402542
Test_669,0.17487772,0.17487772,0.47536686,0.17487772
Test_670,0.17487803,0.1748791,0.47536486,0.17487803
Test_671,0.17487778,0.17487799,0.4753665,0.17487778
Test_672,0.39846772,0.19175456,0.18491307,0.22486469
Test_673,0.17572986,0.1786294,0.46991298,0.17572781
Test_674,0.1748846,0.17490755,0.47532323,0.1748846
Test_675,0.47380647,0.17531002,0.17512555,0.17575793
Test_676,0.4573565,0.17870599,0.17760806,0.18632942
Test_677,0.1781705,0.18140715,0.17672573,0.4636966
Test_678,0.22012898,0.19400564,0.25312954,0.33273584
Test_679,0.17544484,0.17736514,0.47174513,0.17544484
Test_680,0.20713274,0.18169336,0.18178235,0.4293916
Test_681,0.4442478,0.18427773,0.18187025,0.18960418
Test_682,0.45599464,0.18692714,0.17889488,0.17818332
Test_683,0.17905276,0.44688752,0.17909296,0.1949668
Test_684,0.17536674,0.17695513,0.17535521,0.4723229
Test_685,0.47447926,0.1750975,0.17502543,0.17539775
Test_686,0.17493442,0.17510694,0.17493135,0.47502732
Test_687,0.46467784,0.17786895,0.17654504,0.18090807
Test_688,0.17521542,0.4732183,0.17634614,0.17522013
Test_689,0.17799205,0.1780447,0.17604245,0.46792075
Test_690,0.17520483,0.17556985,0.17506851,0.47415683
Test_691,0.39336348,0.185187,0.18503773,0.23641175
Test_692,0.17495131,0.17519674,0.47490063,0.17495131
Test_693,0.47465762,0.17503256,0.17500916,0.17530066
Test_694,0.17811105,0.19004694,0.17810944,0.45373267
Test_695,0.47386724,0.1753749,0.17522559,0.17553225
Test_696,0.17493671,0.17513345,0.4749931,0.17493671
Test_697,0.17487983,0.17488696,0.47535333,0.17487983
Test_698,0.46551162,0.17738742,0.17957084,0.17753015
Test_699,0.17937574,0.17626533,0.17597072,0.4683882
Test_700,0.1748778,0.17487805,0.47536632,0.1748778
Test_701,0.18513866,0.23168164,0.18479294,0.39838675
Test_702,0.42034885,0.18977852,0.18259843,0.20727415
Test_703,0.17699422,0.18452387,0.4614877,0.17699422
Test_704,0.17488018,0.17488831,0.4753514,0.17488018
Test_705,0.17490461,0.1749942,0.47519657,0.17490461
Test_706,0.46245185,0.1770747,0.17685917,0.18361437
Test_707,0.25991553,0.19284396,0.18892796,0.35831255
Test_708,0.197667,0.20173262,0.18318012,0.41742027
Test_709,0.17487772,0.17487772,0.47536686,0.17487772
Test_710,0.17503577,0.17556433,0.47436407,0.17503577
Test_711,0.47343376,0.17523697,0.1751851,0.17614418
Test_712,0.17502898,0.1754164,0.17500693,0.47454768
Test_713,0.1884246,0.28492504,0.3376095,0.18904085
Test_714,0.18437599,0.22377354,0.40527573,0.18657479
Test_715,0.17487782,0.17487814,0.47536626,0.17487782
Test_716,0.17501664,0.1749992,0.17492661,0.47505754
Test_717,0.1748991,0.17497039,0.4752314,0.1748991
Test_718,0.17687774,0.18211578,0.46436217,0.17664427
Test_719,0.17489691,0.17488436,0.47533616,0.17488258
Test_720,0.43484533,0.18074986,0.1806194,0.20378545
Test_721,0.1776027,0.18749721,0.4572974,0.1776027
Test_722,0.1748778,0.17487817,0.47536618,0.1748778
Test_723,0.47232392,0.17538153,0.17535503,0.17693955
Test_724,0.17576334,0.1787802,0.46968406,0.17577247
Test_725,0.18359725,0.4141299,0.1845547,0.21771812
Test_726,0.1750467,0.17524356,0.174978,0.4747318
Test_727,0.17489707,0.17495911,0.4752463,0.17489748
Test_728,0.18210497,0.21342973,0.4223603,0.18210497
Test_729,0.17488,0.17488766,0.47535232,0.17488
Test_730,0.18105045,0.20658615,0.4313128,0.18105054
Test_731,0.1808019,0.20505506,0.43334118,0.1808019
Test_732,0.17489582,0.17495616,0.47525218,0.17489582
Test_733,0.18417948,0.22902827,0.40261278,0.18417948
Test_734,0.3993972,0.19516058,0.18503094,0.22041126
Test_735,0.32430094,0.1947067,0.27619827,0.20479405
Test_736,0.3374579,0.1887891,0.188455,0.285298
Test_737,0.18163882,0.17670844,0.17644437,0.46520835
Test_738,0.4701247,0.17582777,0.17571014,0.17833742
Test_739,0.17487772,0.17487772,0.47536686,0.17487772
Test_740,0.17490019,0.17496926,0.1748991,0.4752314
Test_741,0.18305275,0.204069,0.18112355,0.43175477
Test_742,0.20076093,0.24214539,0.18806657,0.36902714
Test_743,0.17489767,0.17496409,0.47524068,0.17489767
Test_744,0.19094108,0.3615732,0.24489649,0.2025893
Test_745,0.19044572,0.21830013,0.35641485,0.23483928
Test_746,0.17487828,0.17488015,0.4753633,0.17487828
Test_747,0.4725675,0.17572829,0.17531839,0.17638578
Test_748,0.179881,0.18606485,0.17843477,0.4556194
Test_749,0.17534503,0.17691265,0.17534351,0.47239882
Test_750,0.18304865,0.21028079,0.18187639,0.42479414
Test_751,0.17646487,0.18201447,0.46505582,0.17646487
Test_752,0.19634505,0.18102713,0.17961782,0.44300997
Test_753,0.17626955,0.18110573,0.4663552,0.17626955
Test_754,0.18040673,0.20265901,0.18040657,0.4365277
Test_755,0.17549348,0.17562145,0.17513217,0.47375295
Test_756,0.39332968,0.18525885,0.18504459,0.23636687
Test_757,0.17581059,0.17720011,0.175498,0.47149128
Test_758,0.46801984,0.17680022,0.17603727,0.17914271
Test_759,0.18872808,0.3820448,0.24304706,0.18618013
Test_760,0.4676335,0.17892273,0.17620067,0.17724311
Test_761,0.1875292,0.37575066,0.2101142,0.22660595
Test_762,0.176177,0.18067467,0.46697193,0.17617637
Test_763,0.17492892,0.17509961,0.4750425,0.17492895
Test_764,0.46482074,0.17796747,0.17786746,0.17934433
Test_765,0.18948267,0.38464424,0.20901282,0.21686019
Test_766,0.18537389,0.38972798,0.18590777,0.23899034
Test_767,0.28307962,0.18855189,0.18832643,0.34004205
Test_768,0.18822056,0.18832977,0.18271542,0.44073436
Test_769,0.17493534,0.17512755,0.4750017,0.17493534
Test_770,0.44666073,0.1846166,0.18632926,0.18239345
Test_771,0.17495759,0.17522396,0.4748609,0.17495759
Test_772,0.17637607,0.18057734,0.46580377,0.17724283
Test_773,0.17487794,0.17487878,0.4753653,0.17487794
Test_774,0.18446578,0.40676686,0.19524442,0.21352296
Test_775,0.17493849,0.17514107,0.47498202,0.17493849
Test_776,0.17957947,0.4476974,0.19368204,0.17904106
Test_777,0.4737565,0.17560993,0.17525482,0.17537877
Test_778,0.17645757,0.17915757,0.46837643,0.17600845
Test_779,0.17503865,0.1750947,0.17494926,0.47491747
Test_780,0.4739753,0.17511736,0.17509735,0.17581001
Test_781,0.46839234,0.17699341,0.17596899,0.17864524
Test_782,0.17516227,0.17611748,0.47355792,0.17516227
Test_783,0.17487963,0.17488603,0.4753547,0.17487963
Test_784,0.17487822,0.17488,0.47536346,0.17487822
Test_785,0.46540496,0.17678592,0.17641595,0.1813932
Test_786,0.17608146,0.17832564,0.46985036,0.17574252
Test_787,0.17489116,0.17493592,0.47528175,0.17489116
Test_788,0.26855555,0.2419462,0.19230609,0.29719216
Test_789,0.17488797,0.17492212,0.4753019,0.17488797
Test_790,0.18792665,0.27378395,0.35004508,0.18824427
Test_791,0.4000403,0.1929785,0.18504141,0.22193982
Test_792,0.1748787,0.17488198,0.47536066,0.1748787
Test_793,0.17592378,0.17951895,0.46863344,0.17592378
Test_794,0.17999299,0.44065064,0.1932156,0.18614076
Test_795,0.17649017,0.17588516,0.17536622,0.47225845
Test_796,0.1752306,0.1764177,0.47312108,0.1752306
Test_797,0.4639612,0.18193619,0.17673604,0.17736654
Test_798,0.17487787,0.17487842,0.47536585,0.17487787
Test_799,0.17487778,0.17487808,0.47536626,0.17487778
Test_800,0.1748847,0.17490791,0.47532275,0.1748847
Test_801,0.17488043,0.17488953,0.47534958,0.17488043
Test_802,0.184019,0.40426928,0.22769265,0.184019
Test_803,0.19226868,0.36954612,0.2145824,0.2236028
Test_804,0.17585644,0.17921303,0.4690741,0.17585644
Test_805,0.1748928,0.17494303,0.47527137,0.1748928
Test_806,0.17765678,0.187478,0.17762183,0.45724338
Test_807,0.18442245,0.23105983,0.40007013,0.18444763
Test_808,0.47434932,0.1750509,0.17503943,0.17556031
Test_809,0.4355684,0.18100184,0.18053909,0.20289068
Test_810,0.17487803,0.17487915,0.47536477,0.17487803
Test_811,0.4730751,0.17541443,0.17524108,0.17626938
Test_812,0.17487772,0.17487776,0.47536677,0.17487772
Test_813,0.45468187,0.17815657,0.17799808,0.1891634
Test_814,0.17542075,0.17517313,0.17503503,0.4743711
Test_815,0.17940947,0.19692661,0.17940593,0.44425803
Test_816,0.17853072,0.45071507,0.19215603,0.17859823
Test_817,0.17488353,0.17490293,0.47533002,0.17488353
Test_818,0.45687786,0.17927751,0.17888345,0.18496121
Test_819,0.1749592,0.17523056,0.474851,0.17495923
Test_820,0.46815106,0.17622294,0.17599961,0.17962644
Test_821,0.19418077,0.1799776,0.17911105,0.44673055
Test_822,0.37579107,0.19400024,0.18732524,0.24288347
Test_823,0.21964201,0.18443626,0.18321978,0.412702
Test_824,0.19559442,0.32566363,0.18977395,0.288968
Test_825,0.17637214,0.181582,0.46567366,0.17637214
Test_826,0.17489316,0.17494453,0.4752692,0.17489316
Test_827,0.45614803,0.1781902,0.1845384,0.1811234
Test_828,0.17544267,0.17735548,0.47175914,0.17544267
Test_829,0.17531818,0.17679855,0.17531735,0.4725659
Test_830,0.18804367,0.34655628,0.2773564,0.18804367
Test_831,0.1748784,0.17488067,0.47536257,0.1748784
Test_832,0.25369778,0.18857038,0.18688448,0.3708474
Test_833,0.1777066,0.18801495,0.45657188,0.1777066
Test_834,0.17710397,0.18505083,0.4607412,0.17710398
Test_835,0.1749021,0.17498331,0.4752125,0.1749021
Test_836,0.23805745,0.33006588,0.21787952,0.21399717
Test_837,0.2070008,0.1920895,0.18297842,0.4179313
Test_838,0.17744952,0.17987226,0.17626882,0.4664094
Test_839,0.17504388,0.1755997,0.47431254,0.17504388
Test_840,0.17488576,0.17491257,0.4753159,0.17488576
Test_841,0.17530213,0.17673035,0.17530191,0.47266564
Test_842,0.17689966,0.17632331,0.17553176,0.47124523
Test_843,0.174885,0.17490932,0.47532058,0.174885
Test_844,0.18826622,0.3429106,0.28009516,0.188728
Test_845,0.17488013,0.17488825,0.4753514,0.17488013
Test_846,0.18011197,0.46026695,0.17726651,0.18235458
Test_847,0.17489362,0.17494495,0.47526813,0.17489332
Test_848,0.17572683,0.17862676,0.4699195,0.17572697
Test_849,0.4006706,0.18543547,0.1845043,0.2293897
Test_850,0.17488587,0.17491297,0.4753153,0.17488587
Test_851,0.17834027,0.176108,0.17574961,0.46980205
Test_852,0.17490649,0.1750024,0.47518456,0.17490649
Test_853,0.17489868,0.17496854,0.4752341,0.17489868
Test_854,0.1749069,0.17499223,0.17490467,0.47519618
Test_855,0.17748427,0.17771168,0.17588457,0.46891952
Test_856,0.44861582,0.17910343,0.17882575,0.19345498
Test_857,0.17499714,0.17539597,0.47460976,0.17499714
Test_858,0.17634706,0.18146537,0.46584052,0.17634706
Test_859,0.17501934,0.17541379,0.17500474,0.47456208
Test_860,0.47465146,0.17500536,0.17499077,0.17535235
Test_861,0.17572498,0.17861886,0.4699312,0.17572498
Test_862,0.1750986,0.17583863,0.47396415,0.1750986
Test_863,0.20123461,0.2212015,0.18886885,0.38869503
Test_864,0.17487836,0.1748805,0.47536272,0.17487836
Test_865,0.17493135,0.17511013,0.4750272,0.17493135
Test_866,0.17488337,0.17490226,0.47533098,0.17488337
Test_867,0.1755845,0.4708437,0.17798343,0.17558841
Test_868,0.1882569,0.28265595,0.34083027,0.1882569
Test_869,0.19017574,0.34859174,0.27085915,0.19037333
Test_870,0.1798167,0.19207755,0.17894559,0.44916013
Test_871,0.17560326,0.17529061,0.17509323,0.47401288
Test_872,0.18132803,0.19049016,0.1858585,0.44232333
Test_873,0.17493883,0.17500988,0.17491396,0.4751373
Test_874,0.19486214,0.19606039,0.18290842,0.42616907
Test_875,0.17527814,0.17659631,0.17527255,0.47285295
Test_876,0.17903957,0.19388692,0.17964622,0.4474273
Test_877,0.4719777,0.17561087,0.17541008,0.17700131
Test_878,0.4735138,0.17519067,0.17516986,0.17612568
Test_879,0.17504266,0.17559375,0.474321,0.17504258
Test_880,0.17488004,0.17488787,0.47535205,0.17488004
Test_881,0.17590754,0.17944512,0.46873975,0.17590754
Test_882,0.18851495,0.2909679,0.33200225,0.18851495
Test_883,0.18318115,0.41287285,0.22073808,0.18320791
Test_884,0.18057594,0.45148084,0.1833975,0.18454571
Test_885,0.18617626,0.38021478,0.247504,0.18610498
Test_886,0.45503443,0.18370168,0.18099369,0.18027017
Test_887,0.1788246,0.44980878,0.19269279,0.17867382
Test_888,0.17488068,0.17489065,0.47534797,0.17488068
Test_889,0.17488338,0.17490225,0.47533095,0.17488338
Test_890,0.17505309,0.17563985,0.47425398,0.17505309
Test_891,0.17679422,0.17548534,0.17534763,0.47237286
Test_892,0.17513771,0.17600983,0.47371468,0.17513771
Test_893,0.17496336,0.17523715,0.47483355,0.17496601
Test_894,0.19033782,0.2972278,0.30811027,0.20432411
Test_895,0.47440535,0.1751207,0.1750324,0.17544158
Test_896,0.18112296,0.20166661,0.18125421,0.43595627
Test_897,0.4649207,0.17768021,0.1789989,0.17840019
Test_898,0.19434334,0.23429374,0.28478676,0.28657618
Test_899,0.17488322,0.17490159,0.4753319,0.17488322
Test_900,0.1748806,0.17488305,0.17487925,0.47535706
Test_901,0.17488036,0.17488913,0.4753501,0.17488036
Test_902,0.47459096,0.17509714,0.17503646,0.17527543
Test_903,0.1748777,0.17487773,0.4753668,0.1748777
Test_904,0.17697951,0.17548099,0.1753811,0.4721584
Test_905,0.17492221,0.17507043,0.4750852,0.17492221
Test_906,0.17487822,0.1748798,0.4753638,0.1748782
Test_907,0.22179326,0.18840072,0.18483914,0.40496686
Test_908,0.17545754,0.17518188,0.1750453,0.47431532
Test_909,0.47394574,0.17511891,0.17510179,0.1758336
Test_910,0.18083903,0.20528205,0.43303984,0.18083903
Test_911,0.18407148,0.22706205,0.18452764,0.40433878
Test_912,0.17489298,0.1749439,0.47527006,0.17489298
Test_913,0.17487837,0.1748806,0.4753626,0.17487837
Test_914,0.17491788,0.17500983,0.17491005,0.47516227
Test_915,0.17487817,0.17487967,0.47536397,0.17487817
Test_916,0.19277695,0.19566314,0.19302626,0.41853368
Test_917,0.17490008,0.1749746,0.4752252,0.17490008
Test_918,0.17620644,0.18081406,0.4667731,0.17620644
Test_919,0.45839557,0.17769553,0.17745064,0.18645826
Test_920,0.18516375,0.39180326,0.23786928,0.18516375
Test_921,0.17908427,0.44693306,0.17923683,0.19474587
Test_922,0.4585151,0.1784986,0.17746076,0.18552552
Test_923,0.18739395,0.37317422,0.23898095,0.20045088
Test_924,0.18802002,0.34833005,0.18806869,0.2755812
Test_925,0.31930032,0.26371047,0.19942468,0.2175646
Test_926,0.17487782,0.17487821,0.47536618,0.17487782
Test_927,0.47280347,0.17562284,0.17528534,0.17628835
Test_928,0.17488308,0.17490098,0.4753329,0.17488308
Test_929,0.1969981,0.31121787,0.226251,0.265533
Test_930,0.17540489,0.17678499,0.47246087,0.17534924
Test_931,0.4713292,0.17635909,0.17551531,0.17679644
Test_932,0.18855351,0.33852255,0.28215396,0.19077003
Test_933,0.4570212,0.17800406,0.17764767,0.187327
Test_934,0.17546152,0.17743927,0.47163767,0.17546152
Test_935,0.1749017,0.17498152,0.47521514,0.1749017
Test_936,0.17760408,0.17563298,0.17552395,0.47123903
Test_937,0.17490096,0.17497823,0.47521967,0.17490113
Test_938,0.19828667,0.19972138,0.1827997,0.41919228
Test_939,0.47468057,0.17503533,0.17498848,0.1752957
Test_940,0.1749461,0.1750258,0.17491834,0.47510985
Test_941,0.18935068,0.22654304,0.187995,0.39611125
Test_942,0.17711261,0.1764105,0.17557846,0.47089848
Test_943,0.17487812,0.17487952,0.47536424,0.17487812
Test_944,0.1825745,0.21663763,0.41818693,0.18260098
Test_945,0.46696407,0.17867912,0.17627327,0.17808354
Test_946,0.17571558,0.17857644,0.46999246,0.17571558
Test_947,0.18817037,0.1815114,0.17873687,0.45158136
Test_948,0.4637468,0.17736746,0.17688249,0.18200321
Test_949,0.45363158,0.18923701,0.17819138,0.17894004
Test_950,0.17705616,0.18482184,0.1770563,0.46106574
Test_951,0.17488074,0.17489086,0.47534758,0.17488074
Test_952,0.17563248,0.1781991,0.17563389,0.4705345
Test_953,0.17497312,0.1750365,0.17492594,0.4750645
Test_954,0.4557065,0.17796856,0.17783259,0.1884923
Test_955,0.42992142,0.18757476,0.18144514,0.20105866
Test_956,0.17837334,0.17887528,0.17625757,0.46649373
Test_957,0.20195816,0.35271952,0.18932599,0.2559964
Test_958,0.1761405,0.4672466,0.1791189,0.17749397
Test_959,0.17487882,0.17488259,0.4753597,0.17487882
Test_960,0.17487772,0.17487775,0.47536677,0.17487772
Test_961,0.34326655,0.19476452,0.26513246,0.1968365
Test_962,0.19641721,0.26429233,0.3496643,0.18962617
Test_963,0.40015227,0.18983681,0.18472694,0.22528395
Test_964,0.17487942,0.1748851,0.47535604,0.17487942
Test_965,0.47477707,0.17498098,0.1749712,0.17527078
Test_966,0.17493626,0.17513153,0.47499588,0.17493626
Test_967,0.17941016,0.19697043,0.4442092,0.17941016
Test_968,0.17487772,0.17487772,0.47536686,0.17487772
Test_969,0.17489922,0.17497087,0.47523066,0.17489922
Test_970,0.47471237,0.17498918,0.17500228,0.17529611
Test_971,0.17524122,0.17505069,0.17497884,0.4747293
Test_972,0.174878,0.17487897,0.47536498,0.174878
Test_973,0.17493603,0.17513049,0.4749974,0.17493603
Test_974,0.1853627,0.18268752,0.17815754,0.4537922
Test_975,0.46735555,0.1766574,0.17744912,0.17853789
Test_976,0.17640749,0.1817466,0.46543837,0.17640749
Test_977,0.1933722,0.18024847,0.1795114,0.4468679
Test_978,0.17495212,0.17520034,0.4748954,0.17495212
Test_979,0.47499788,0.17496328,0.17493984,0.17509902
Test_980,0.18260176,0.41980067,0.18866645,0.20893107
Test_981,0.17582646,0.17532207,0.1751385,0.47371298
Test_982,0.17964184,0.17616479,0.1759908,0.46820253
Test_983,0.17489678,0.17496021,0.47524628,0.17489678
Test_984,0.17490393,0.1749882,0.17490335,0.4752045
Test_985,0.18285896,0.41737515,0.1883338,0.21143208
Test_986,0.17900953,0.19412485,0.17893189,0.44793376
Test_987,0.1885629,0.2929459,0.32992834,0.1885629
Test_988,0.36273757,0.1885698,0.18744195,0.2612507
Test_989,0.47429946,0.1750986,0.17505035,0.17555158
Test_990,0.18620211,0.24874558,0.3788204,0.18623188
Test_991,0.17494664,0.17517649,0.4749303,0.17494664
Test_992,0.42329073,0.18322265,0.18373418,0.20975246
Test_993,0.18066731,0.437124,0.18423226,0.19797638
Test_994,0.24041761,0.20028847,0.21469654,0.3445973
Test_995,0.17622359,0.18089202,0.46666008,0.17622428
Test_996,0.1749457,0.17517242,0.4749362,0.1749457
Test_997,0.18752627,0.1776129,0.45724183,0.17761904
Test_998,0.17487797,0.17487884,0.4753652,0.17487797
Test_999,0.17645903,0.18198712,0.4650949,0.17645903
Test_1000,0.17561,0.17810065,0.47067964,0.17560972
Test_1001,0.20709082,0.35964328,0.19162384,0.24164209
Test_1002,0.17487796,0.1748788,0.4753653,0.17487796
Test_1003,0.17928019,0.17679758,0.17604475,0.46787754
Test_1004,0.17535219,0.17655163,0.17527987,0.47281632
Test_1005,0.4030663,0.19242877,0.1845044,0.22000055
Test_1006,0.17570375,0.17852324,0.47006923,0.17570375
Test_1007,0.17748387,0.18668142,0.17744943,0.45838526
Test_1008,0.47445172,0.17510957,0.17502736,0.17541137
Test_1009,0.17504247,0.17559358,0.47432142,0.17504247
Test_1010,0.17487788,0.17487851,0.47536567,0.17487788
Test_1011,0.17643715,0.18188496,0.4652408,0.17643715
Test_1012,0.18771902,0.17833261,0.17805672,0.45589167
Test_1013,0.17487922,0.17488429,0.47535723,0.17487922
Test_1014,0.17529297,0.17669232,0.47272184,0.17529297
Test_1015,0.44759724,0.18178076,0.17908914,0.19153287
Test_1016,0.17493057,0.17510454,0.47503254,0.17493239
Test_1017,0.1753051,0.176746,0.4726438,0.1753051
Test_1018,0.17492998,0.1750727,0.17492412,0.47507325
Test_1019,0.1751122,0.17589818,0.4738774,0.1751122
Test_1020,0.17493081,0.17510778,0.47503066,0.17493081
Test_1021,0.17514008,0.17599323,0.47371924,0.17514749
Test_1022,0.17495081,0.17519465,0.47490376,0.17495081
Test_1023,0.2193542,0.18704557,0.40954888,0.18405136
Test_1024,0.42246884,0.18266249,0.18212548,0.2127432
Test_1025,0.17527677,0.17653108,0.17526065,0.47293153
Test_1026,0.45412505,0.17923796,0.17808543,0.18855152
Test_1027,0.17503889,0.175345,0.17499577,0.47462028
Test_1028,0.46520457,0.17681162,0.17678005,0.18120371
Test_1029,0.47480252,0.17501092,0.17497173,0.17521486
Test_1030,0.2606536,0.29748952,0.2257568,0.21610019
Test_1031,0.17487912,0.1748831,0.17487906,0.47535866
Test_1032,0.17772771,0.17629908,0.17567912,0.47029412
Test_1033,0.17793138,0.18914558,0.45499164,0.17793138
Test_1034,0.17491856,0.17505468,0.47510824,0.17491856
Test_1035,0.47511545,0.17491992,0.17495717,0.17500742
Test_1036,0.3728204,0.19019409,0.18686508,0.25012043
Test_1037,0.17529075,0.17665014,0.47276297,0.17529619
Test_1038,0.1752752,0.1758703,0.1751379,0.47371662
Test_1039,0.24122156,0.1862593,0.18562812,0.38689104
Test_1040,0.17545699,0.17606795,0.17520848,0.4732666
Test_1041,0.17488588,0.17491315,0.47531497,0.17488588
Test_1042,0.1753143,0.1767867,0.47258464,0.1753143
Test_1043,0.17515649,0.17609216,0.4735948,0.17515649
Test_1044,0.1905935,0.28244922,0.20951368,0.31744364
Test_1045,0.17487772,0.17487772,0.47536686,0.17487772
Test_1046,0.37231472,0.1874749,0.18759474,0.25261563
Test_1047,0.47448155,0.17506473,0.17501955,0.17543425
Test_1048,0.17505513,0.17561218,0.17504837,0.47428432
Test_1049,0.18039195,0.18187006,0.1772517,0.46048626
Test_1050,0.17488804,0.17492247,0.47530153,0.17488804
Test_1051,0.20045537,0.18144317,0.18154418,0.43655732
Test_1052,0.18164983,0.43016875,0.19503482,0.19314662
Test_1053,0.1748815,0.17489411,0.4753429,0.1748815
Test_1054,0.45348406,0.17903149,0.1781695,0.18931492
Test_1055,0.28099507,0.20654826,0.3077098,0.20474689
Test_1056,0.17489228,0.17494075,0.4752747,0.17489228
Test_1057,0.17771608,0.18737206,0.17770179,0.45721012
Test_1058,0.430201,0.18808381,0.1813609,0.20035428
Test_1059,0.30939236,0.20995249,0.1908297,0.2898255
Test_1060,0.1780173,0.18552306,0.17881231,0.4576473
Test_1061,0.33183983,0.1889499,0.18856171,0.29064858
Test_1062,0.44931236,0.17893106,0.1787306,0.19302598
Test_1063,0.17893387,0.19437222,0.44776005,0.17893387
Test_1064,0.17642312,0.18013157,0.17637774,0.46706754
Test_1065,0.47105786,0.17555885,0.17555217,0.17783102
Test_1066,0.17494825,0.17503165,0.17491981,0.47510034
Test_1067,0.17550015,0.17713049,0.47187975,0.17548959
Test_1068,0.18374589,0.22458169,0.4076919,0.18398054
Test_1069,0.17577495,0.17883281,0.46961612,0.1757761
Test_1070,0.4168047,0.20976721,0.18879431,0.18463379
Test_1071,0.1748777,0.17487773,0.4753668,0.1748777
Test_1072,0.18680759,0.23710279,0.3880802,0.18800944
Test_1073,0.1784411,0.19165328,0.1785231,0.4513826
Test_1074,0.17496553,0.1752585,0.47481048,0.17496553
Test_1075,0.17496161,0.1752415,0.47483528,0.17496161
Test_1076,0.21541575,0.18598011,0.18310592,0.4154982
Test_1077,0.47293422,0.17562962,0.175269,0.1761672
Test_1078,0.17488267,0.17489907,0.47533563,0.17488267
Test_1079,0.17487775,0.17487793,0.47536653,0.17487775
Test_1080,0.19655585,0.31070372,0.3020106,0.19072977
Test_1081,0.18629083,0.24985422,0.37756413,0.18629083
Test_1082,0.17552762,0.17574449,0.17516324,0.47356462
Test_1083,0.47265482,0.17608204,0.17533359,0.17592956
Test_1084,0.17893079,0.1943557,0.44778275,0.17893079
Test_1085,0.17834726,0.19101545,0.17836654,0.45227072
Test_1086,0.1846937,0.23349734,0.39711526,0.1846937
Test_1087,0.18896824,0.33587188,0.28039163,0.1947683
Test_1088,0.17487775,0.17487793,0.47536653,0.17487775
Test_1089,0.18395086,0.40507722,0.18415616,0.22681572
Test_1090,0.2928271,0.18903331,0.1886191,0.32952046
Test_1091,0.47171867,0.17587493,0.17545691,0.17694952
Test_1092,0.47483507,0.1750049,0.1749619,0.17519811
Test_1093,0.17731163,0.17794861,0.17589764,0.4688421
Test_1094,0.4659617,0.17686902,0.17633334,0.18083584
Test_1095,0.17523532,0.17625758,0.17520258,0.47330448
Test_1096,0.17780836,0.17556113,0.17554827,0.47108227
Test_1097,0.46807843,0.1782793,0.1760227,0.17761947
Test_1098,0.18188734,0.18253523,0.17756303,0.4580144
Test_1099,0.18156238,0.20948337,0.18153146,0.4274228
Test_1100,0.17785342,0.18875185,0.45554125,0.17785342
Test_1101,0.43860683,0.18236618,0.1802121,0.19881487
Test_1102,0.17488296,0.17490041,0.47533372,0.17488296
Test_1103,0.18876506,0.30597588,0.3164674,0.18879169
Test_1104,0.18164559,0.20012319,0.18056981,0.43766144
Test_1105,0.18014392,0.1772587,0.17633279,0.46626464
Test_1106,0.467651,0.17698765,0.17608616,0.1792752
Test_1107,0.1813117,0.20822735,0.42914927,0.1813117
Test_1108,0.46947008,0.17707916,0.17599536,0.17745535
Test_1109,0.45877162,0.18044855,0.17744951,0.18333028
Test_1110,0.17488468,0.17490786,0.47532275,0.17488468
Test_1111,0.17492187,0.17506906,0.4750872,0.17492187
Test_1112,0.47161433,0.17548463,0.17546526,0.17743582
Test_1113,0.1751063,0.17587227,0.47391513,0.17510632
Test_1114,0.17487942,0.17488517,0.47535598,0.17487942
Test_1115,0.17487772,0.17487772,0.47536686,0.17487772
Test_1116,0.17487772,0.17487772,0.47536686,0.17487772
Test_1117,0.47346854,0.17576587,0.17520331,0.17556226
Test_1118,0.17711595,0.18511082,0.4606573,0.17711595
Test_1119,0.17498522,0.17517759,0.1749541,0.47488317
Test_1120,0.17533177,0.1768639,0.47247252,0.17533177
Test_1121,0.17489408,0.1749486,0.47526318,0.17489408
Test_1122,0.27402163,0.21056862,0.19115329,0.32425645
Test_1123,0.18119037,0.17674877,0.17637482,0.46568605
Test_1124,0.17487794,0.17487872,0.4753654,0.17487794
Test_1125,0.4177229,0.20291553,0.18544854,0.19391292
Test_1126,0.46206394,0.17947224,0.17699262,0.18147127
Test_1127,0.21566331,0.18310228,0.18254894,0.41868547
Test_1128,0.17487933,0.17488016,0.47536197,0.17487848
Test_1129,0.17487772,0.17487772,0.47536686,0.17487772
Test_1130,0.17707662,0.18489881,0.17707352,0.46095112
Test_1131,0.46493143,0.17896143,0.17657095,0.17953616
Test_1132,0.17856058,0.45051223,0.19231778,0.17860945
Test_1133,0.20112093,0.2621451,0.34512922,0.19160473
Test_1134,0.17487778,0.174878,0.47536644,0.17487778
Test_1135,0.46328363,0.17771557,0.17677298,0.18222785
Test_1136,0.17496008,0.17508818,0.17493266,0.47501907
Test_1137,0.18687418,0.22884494,0.18504913,0.3992317
Test_1138,0.18191546,0.1935543,0.1793562,0.44517407
Test_1139,0.17522697,0.17640167,0.4731444,0.17522697
Test_1140,0.47198585,0.17557518,0.17703107,0.17540799
Test_1141,0.18092506,0.17690073,0.17641668,0.46575752
Test_1142,0.17491612,0.17504382,0.47512394,0.17491606
Test_1143,0.1751198,0.1759296,0.4738311,0.17511947
Test_1144,0.17488164,0.17489477,0.47534192,0.17488164
Test_1145,0.1916835,0.18134543,0.17894806,0.44802296
Test_1146,0.17494415,0.17516568,0.47494608,0.17494415
Test_1147,0.17630906,0.17531271,0.17522646,0.4731517
Test_1148,0.17487918,0.17488413,0.47535744,0.17487918
Test_1149,0.18436942,0.43569893,0.19879672,0.18113495
Test_1150,0.18189323,0.20907418,0.18172511,0.42730743
Test_1151,0.4478308,0.17927113,0.1789422,0.19395585
Test_1152,0.47267038,0.17535357,0.17530192,0.17667416
Test_1153,0.17789567,0.18070947,0.17649774,0.46489716
Test_1154,0.1830397,0.17698231,0.46231717,0.17766088
Test_1155,0.17487772,0.17487772,0.47536686,0.17487772
Test_1156,0.18594153,0.39982978,0.18654814,0.2276805
Test_1157,0.18123077,0.20770404,0.18123934,0.4298259
Test_1158,0.17498322,0.1753137,0.47470394,0.1749992
Test_1159,0.17606406,0.18015945,0.46771246,0.17606406
Test_1160,0.46960276,0.17643584,0.17578456,0.17817684
Test_1161,0.17494316,0.1751614,0.47495234,0.17494316
Test_1162,0.17539325,0.17693974,0.17535868,0.47230834
Test_1163,0.46868643,0.17595169,0.1759168,0.17944506
Test_1164,0.17494851,0.17518426,0.47491872,0.17494848
Test_1165,0.17488259,0.17489883,0.475336,0.17488259
Test_1166,0.47329694,0.17533886,0.17521453,0.17614967
Test_1167,0.18128349,0.20804851,0.42938447,0.18128349
Test_1168,0.1748819,0.17489582,0.47534037,0.1748819
Test_1169,0.17549028,0.17660978,0.17533644,0.47256356
Test_1170,0.18869917,0.28196335,0.18978737,0.33955008
Test_1171,0.17793688,0.18646802,0.17750733,0.45808777
Test_1172,0.4484307,0.17902291,0.17888859,0.19365786
Test_1173,0.18679795,0.3702055,0.25617248,0.18682401
Test_1174,0.17529954,0.17559734,0.17509241,0.47401074
Test_1175,0.17489484,0.17495182,0.47525856,0.17489484
Test_1176,0.17958741,0.19742492,0.17964715,0.4433405
Test_1177,0.29364112,0.21817458,0.19138053,0.29680377
Test_1178,0.4683588,0.1780846,0.17604136,0.17751516
Test_1179,0.17487775,0.17487781,0.4753667,0.17487775
Test_1180,0.44431868,0.18333304,0.1795529,0.19279538
Test_1181,0.18407239,0.22813426,0.4037209,0.18407239
Test_1182,0.17873871,0.1758459,0.17577933,0.46963605
Test_1183,0.18797626,0.3530733,0.26848152,0.1904689
Test_1184,0.17488037,0.17488918,0.4753501,0.17488037
Test_1185,0.1752188,0.17636576,0.4731966,0.1752188
Test_1186,0.17488,0.1748876,0.4753525,0.17488
Test_1187,0.17488742,0.1749187,0.17488721,0.4753066
Test_1188,0.337759,0.20227508,0.19025409,0.26971176
Test_1189,0.18863791,0.32838532,0.29412735,0.18884943
Test_1190,0.17487772,0.17487776,0.47536677,0.17487772
Test_1191,0.17546335,0.17545779,0.17509823,0.47398064
Test_1192,0.17487772,0.17487776,0.47536677,0.17487772
Test_1193,0.18783909,0.2729768,0.35133958,0.18784446
Test_1194,0.47078303,0.17686138,0.17562279,0.1767327
Test_1195,0.4541695,0.1799876,0.17812389,0.18771899
Test_1196,0.17560828,0.17690532,0.17582957,0.47165683
Test_1197,0.17491296,0.17494608,0.17489715,0.47524378
Test_1198,0.17487846,0.17488103,0.47536197,0.17487846
Test_1199,0.17490119,0.17497939,0.47521815,0.17490119
Test_1200,0.17780845,0.18852486,0.45585832,0.17780837
Test_1201,0.17640212,0.18159664,0.17638361,0.46561763
Test_1202,0.18805723,0.25034174,0.36939558,0.19220544
Test_1203,0.47441265,0.17513107,0.17505127,0.17540503
Test_1204,0.17573045,0.17864345,0.4698957,0.17573045
Test_1205,0.17488746,0.17491987,0.4753053,0.17488746
Test_1206,0.17529175,0.17668709,0.4727294,0.17529175
Test_1207,0.17659797,0.18253256,0.17662892,0.46424046
Test_1208,0.18210319,0.21329291,0.18212587,0.42247802
Test_1209,0.17488706,0.17491817,0.4753077,0.17488706
Test_1210,0.17506991,0.1750248,0.17494161,0.47496367
Test_1211,0.18689956,0.25638682,0.18686181,0.36985183
Test_1212,0.2032743,0.18636163,0.18149927,0.42886475
Test_1213,0.18544792,0.17776355,0.17729846,0.4594901
Test_1214,0.17502855,0.17539299,0.17500271,0.47457576
Test_1215,0.17700037,0.17559367,0.17540683,0.4719991
Test_1216,0.17920521,0.19584274,0.4457468,0.17920521
Test_1217,0.18995851,0.2678952,0.33379042,0.20835587
Test_1218,0.17490609,0.17498474,0.17490323,0.47520593
Test_1219,0.17488213,0.17489679,0.4753389,0.17488211
Test_1220,0.21161187,0.19404775,0.18376249,0.4105779
Test_1221,0.45246598,0.18132998,0.178334,0.18787007
Test_1222,0.17487776,0.1748779,0.4753666,0.17487776
Test_1223,0.27877325,0.18846862,0.18816806,0.34459013
Test_1224,0.18787342,0.27368984,0.3505633,0.18787342
Test_1225,0.17505191,0.17563474,0.47426143,0.17505191
Test_1226,0.1753736,0.17704895,0.47220385,0.1753736
Test_1227,0.17508014,0.17575786,0.4740819,0.17508015
Test_1228,0.17511363,0.17590433,0.4738684,0.17511363
Test_1229,0.43089426,0.18146259,0.18111546,0.20652772
Test_1230,0.17488265,0.17489915,0.4753355,0.17488265
Test_1231,0.4748611,0.17502318,0.17502661,0.17508914
Test_1232,0.46877035,0.17625818,0.17593004,0.17904148
Test_1233,0.17776763,0.18832055,0.45614415,0.17776763
Test_1234,0.17488758,0.17492042,0.47530442,0.17488758
Test_1235,0.47281402,0.17639129,0.17530106,0.1754937
Test_1236,0.18267465,0.21547985,0.18256645,0.41927913
Test_1237,0.17908792,0.19520399,0.4466202,0.17908792
Test_1238,0.174878,0.1748789,0.4753652,0.174878
Test_1239,0.17620355,0.17689095,0.1755071,0.47139838
Test_1240,0.175373,0.17704631,0.47220764,0.175373
Test_1241,0.17546646,0.17511384,0.17503262,0.4743871
Test_1242,0.17554146,0.17543815,0.17510903,0.47391146
Test_1243,0.17488365,0.17490341,0.4753293,0.17488365
Test_1244,0.17542359,0.1752418,0.17504832,0.47428626
Test_1245,0.17507185,0.17504674,0.17494592,0.47493556
Test_1246,0.18899214,0.2924256,0.32627842,0.19230385
Test_1247,0.17487803,0.17487913,0.47536477,0.17487803
Test_1248,0.17500263,0.17541993,0.4745748,0.17500263
Test_1249,0.17488779,0.1749214,0.47530296,0.17488779
Test_1250,0.18870923,0.2738792,0.34539637,0.19201517
Test_1251,0.2265907,0.18816055,0.1847053,0.40054348
Test_1252,0.17489406,0.17494851,0.4752634,0.17489406
Test_1253,0.17504337,0.17558692,0.1750415,0.4743282
Test_1254,0.46285203,0.1769542,0.17684196,0.18335187
Test_1255,0.20012945,0.23892301,0.18889128,0.37205628
Test_1256,0.17510693,0.17587505,0.47391108,0.17510693
Test_1257,0.17568141,0.17515188,0.17508453,0.4740821
Test_1258,0.4109232,0.19505742,0.18636209,0.20765728
Test_1259,0.47378665,0.17517193,0.17512664,0.17591481
Test_1260,0.2039226,0.27427274,0.32810977,0.19369492
Test_1261,0.17487776,0.17487784,0.4753667,0.17487776
Test_1262,0.20925686,0.24852084,0.18948847,0.35273382
Test_1263,0.17487878,0.17488237,0.47536004,0.17487878
Test_1264,0.18952286,0.18873143,0.17986886,0.44187686
Test_1265,0.18369754,0.21028964,0.18313374,0.42287907
Test_1266,0.17488188,0.1748958,0.47534043,0.17488188
Test_1267,0.19071637,0.18060149,0.18257293,0.4461092
Test_1268,0.1758242,0.17906693,0.46928468,0.1758242
Test_1269,0.17493722,0.17513564,0.47498992,0.17493722
Test_1270,0.17508337,0.17577203,0.4740613,0.17508337
Test_1271,0.17620306,0.18047565,0.17614657,0.4671747
Test_1272,0.1859756,0.24624245,0.38180602,0.18597594
Test_1273,0.46704957,0.17753355,0.17624517,0.17917171
Test_1274,0.17607859,0.17608705,0.17532982,0.47250453
Test_1275,0.17487966,0.17488615,0.47535446,0.17487966
Test_1276,0.1761168,0.1752903,0.1751861,0.47340682
Test_1277,0.17488368,0.17490359,0.47532904,0.17488368
Test_1278,0.2254508,0.18564107,0.18404579,0.40486237
Test_1279,0.17541955,0.17509545,0.17502,0.47446492
Test_1280,0.17487772,0.17487772,0.47536686,0.17487772
Test_1281,0.17660803,0.182686,0.46409786,0.17660801
Test_1282,0.47360536,0.17520355,0.17528468,0.17590639
Test_1283,0.1748997,0.17497295,0.47522762,0.1748997
Test_1284,0.19398488,0.2856639,0.32910573,0.19124553
Test_1285,0.38382962,0.20264249,0.21961273,0.19391511
Test_1286,0.46349245,0.1767975,0.17669906,0.18301097
Test_1287,0.4741998,0.17513861,0.17506257,0.17559893
Test_1288,0.38698995,0.18880953,0.1889023,0.23529814
Test_1289,0.1755858,0.17769895,0.17553285,0.47118244
Test_1290,0.18868081,0.27178204,0.1920393,0.34749785
Test_1291,0.17542128,0.17722738,0.17541623,0.47193518
Test_1292,0.1748777,0.17487773,0.4753668,0.1748777
Test_1293,0.17922318,0.19594085,0.44561264,0.17922328
Test_1294,0.36389223,0.19082767,0.18803354,0.25724655
Test_1295,0.1749769,0.17530799,0.4747382,0.1749769
Test_1296,0.47052965,0.17570148,0.17563775,0.1781312
Test_1297,0.17532837,0.17680483,0.1753204,0.47254637
Test_1298,0.18085209,0.20536183,0.43293405,0.18085209
Test_1299,0.1781419,0.19021766,0.45349848,0.1781419
Test_1300,0.17487772,0.17487772,0.47536686,0.17487772
Test_1301,0.17488113,0.17489254,0.47534516,0.17488113
Test_1302,0.17490365,0.17494316,0.17489491,0.47525832
Test_1303,0.17489867,0.17496845,0.4752342,0.17489867
Test_1304,0.1749906,0.17536762,0.47465113,0.1749906
Test_1305,0.24408135,0.18770032,0.3810597,0.1871586
Test_1306,0.17499103,0.17534639,0.17498672,0.47467595
Test_1307,0.17494635,0.17517522,0.4749321,0.17494635
Test_1308,0.17757875,0.18681395,0.17750071,0.4581065
Test_1309,0.4699178,0.17643136,0.1757864,0.17786434
Test_1310,0.17957523,0.44319457,0.18096377,0.19626637
Test_1311,0.47301683,0.17574748,0.17525361,0.1759821
Test_1312,0.18985888,0.3142684,0.30045706,0.19541565
Test_1313,0.17569867,0.17844814,0.47016358,0.17568965
Test_1314,0.17565848,0.17627236,0.47269937,0.17536987
Test_1315,0.44609448,0.17949726,0.17916596,0.19524229
Test_1316,0.300618,0.18943186,0.18878633,0.32116383
Test_1317,0.17548168,0.175119,0.175036,0.47436327
Test_1318,0.18735476,0.37023488,0.19371009,0.2487003
Test_1319,0.17723566,0.18569182,0.45983675,0.17723574
Test_1320,0.1767961,0.17593876,0.1754366,0.47182852
Test_1321,0.17704514,0.18476894,0.46114078,0.17704514
Test_1322,0.46321362,0.17710334,0.17676324,0.18291982
Test_1323,0.1748778,0.17487812,0.47536626,0.1748778
Test_1324,0.4601618,0.17933841,0.17723586,0.183264
Test_1325,0.1749539,0.17497528,0.17491034,0.47516057
Test_1326,0.19131163,0.17919388,0.1785194,0.45097512
Test_1327,0.17487861,0.17488158,0.4753612,0.17487861
Test_1328,0.18522713,0.21635231,0.18365146,0.41476905
Test_1329,0.17488363,0.17490336,0.4753293,0.17488363
Test_1330,0.45686066,0.17833632,0.17775957,0.18704344
Test_1331,0.176201,0.18078902,0.46680894,0.176201
Test_1332,0.17536472,0.17667764,0.17530939,0.47264823
Test_1333,0.1986657,0.19076107,0.3901486,0.22042459
Test_1334,0.17494245,0.17498872,0.1749107,0.47515818
Test_1335,0.17487796,0.17487879,0.4753653,0.17487796
Test_1336,0.17547172,0.17748435,0.47157225,0.17547166
Test_1337,0.19386935,0.2762087,0.33899862,0.1909234
Test_1338,0.17489932,0.17497133,0.47523,0.17489932
Test_1339,0.17712545,0.4695579,0.1763403,0.1769763
Test_1340,0.18297206,0.20804194,0.18961644,0.41936958
Test_1341,0.17567107,0.1783762,0.47028163,0.17567107
Test_1342,0.17517436,0.17617045,0.47348085,0.17517436
Test_1343,0.17530231,0.17574643,0.17512032,0.47383103
Test_1344,0.17512083,0.17593594,0.47382236,0.17512083
Test_1345,0.17498131,0.17529957,0.4747429,0.1749762
Test_1346,0.18254115,0.18052968,0.17732237,0.45960683
Test_1347,0.17489651,0.1749474,0.17489432,0.47526178
Test_1348,0.1751034,0.17585908,0.4739336,0.17510395
Test_1349,0.17514697,0.17605038,0.4736557,0.17514697
Test_1350,0.3339974,0.19562289,0.18909346,0.2812863
Test_1351,0.17489982,0.17494465,0.47525913,0.1748964
Test_1352,0.17489967,0.17497274,0.47522795,0.17489967
Test_1353,0.34688118,0.19776571,0.25406086,0.20129232
Test_1354,0.47488445,0.17498112,0.17496024,0.17517413
Test_1355,0.47286808,0.17531186,0.17527358,0.17654641
Test_1356,0.17495324,0.17494912,0.17490529,0.47519243
Test_1357,0.17618464,0.1807135,0.46691725,0.17618464
Test_1358,0.17723918,0.18449393,0.1770414,0.4612255
Test_1359,0.47241122,0.1753567,0.17534395,0.17688814
Test_1360,0.17733733,0.18065459,0.465448,0.17656006
Test_1361,0.17488118,0.17489266,0.475345,0.17488118
Test_1362,0.1748777,0.17487772,0.4753668,0.1748777
Test_1363,0.17533524,0.17687929,0.47245017,0.17533524
Test_1364,0.1826126,0.21695206,0.41782278,0.1826126
Test_1365,0.4727299,0.1756826,0.17533964,0.17624785
Test_1366,0.18979155,0.22730368,0.18533437,0.3975704
Test_1367,0.1750633,0.17568444,0.47418892,0.1750633
Test_1368,0.17488338,0.17490228,0.47533095,0.17488338
Test_1369,0.4686259,0.17602618,0.17593694,0.17941092
Test_1370,0.17547369,0.17749338,0.47155926,0.17547369
Test_1371,0.17490199,0.17496376,0.17489842,0.47523582
Test_1372,0.43380946,0.18120272,0.18082926,0.20415859
Test_1373,0.18481468,0.39883992,0.18825692,0.2280885
Test_1374,0.17569363,0.17847766,0.4701351,0.17569363
Test_1375,0.18746473,0.26617077,0.3588998,0.18746473
Test_1376,0.46947291,0.17646381,0.17620549,0.17785785
Test_1377,0.17488725,0.17491902,0.47530648,0.17488725
Test_1378,0.22745062,0.1930721,0.39381638,0.18566093
Test_1379,0.17588581,0.17934637,0.46888196,0.17588581
Test_1380,0.17669232,0.17996082,0.46705818,0.1762886
Test_1381,0.22171421,0.39383543,0.1931739,0.19127643
Test_1382,0.17492113,0.17506576,0.47509205,0.17492113
Test_1383,0.17491704,0.17499226,0.17490661,0.47518414
Test_1384,0.1749314,0.1751055,0.1749305,0.4750326
Test_1385,0.17662846,0.17567138,0.17537145,0.47232866
Test_1386,0.17530982,0.17676686,0.4726135,0.17530982
Test_1387,0.17540142,0.17538016,0.17507032,0.4741481
Test_1388,0.17487772,0.17487772,0.47536686,0.17487772
Test_1389,0.17496105,0.17523214,0.4748427,0.17496412
Test_1390,0.18426673,0.18275647,0.45488533,0.17809148
Test_1391,0.17487772,0.17487772,0.47536686,0.17487772
Test_1392,0.1748777,0.17487773,0.4753668,0.1748777
Test_1393,0.17487952,0.17488554,0.4753554,0.17487952
Test_1394,0.18927829,0.31055802,0.1907204,0.30944335
Test_1395,0.17487814,0.1748796,0.47536412,0.17487814
Test_1396,0.17552276,0.17771211,0.47124225,0.17552283
Test_1397,0.17487775,0.17487791,0.47536653,0.17487775
Test_1398,0.1749999,0.175408,0.47459227,0.1749999
Test_1399,0.1748778,0.17487806,0.47536632,0.1748778
Test_1400,0.17847678,0.17732202,0.17599386,0.4682073
Test_1401,0.17626934,0.18110137,0.17626879,0.46636054
Test_1402,0.4623131,0.17696717,0.17687379,0.18384604
Test_1403,0.17523341,0.17643002,0.47310314,0.17523341
Test_1404,0.17487986,0.174887,0.4753533,0.17487986
Test_1405,0.17487773,0.17487787,0.4753666,0.17487773
Test_1406,0.17487778,0.174878,0.47536644,0.17487778
Test_1407,0.17528506,0.17664324,0.17528333,0.47278833
Test_1408,0.4261852,0.18211818,0.18168467,0.21001203
Test_1409,0.17638853,0.17550139,0.47253048,0.17557962
Test_1410,0.1754847,0.17754242,0.47148827,0.1754847
Test_1411,0.17504132,0.17524286,0.17510083,0.47461504
Test_1412,0.41132033,0.19707383,0.18524128,0.20636451
Test_1413,0.17674829,0.18256932,0.17661539,0.464067
Test_1414,0.17487918,0.17488407,0.47535753,0.17487918
Test_1415,0.23124865,0.36473814,0.19587177,0.20814142
Test_1416,0.42501974,0.1847559,0.18211895,0.20810546
Test_1417,0.17593805,0.1766405,0.17540935,0.47201213
Test_1418,0.20818233,0.20356831,0.18481322,0.40343618
Test_1419,0.17488179,0.17489533,0.4753411,0.17488179
Test_1420,0.1887655,0.30805013,0.31440863,0.18877581
Test_1421,0.17488971,0.17492796,0.17488939,0.4752929
Test_1422,0.1748925,0.17494173,0.47527325,0.1748925
Test_1423,0.17509113,0.17580606,0.4740116,0.17509113
Test_1424,0.46859455,0.1759633,0.1759968,0.1794454
Test_1425,0.17489272,0.17494278,0.47527167,0.17489272
Test_1426,0.17711797,0.1850041,0.4606709,0.177207
Test_1427,0.18206388,0.2112967,0.18205552,0.4245839
Test_1428,0.4073532,0.18654095,0.1845905,0.22151542
Test_1429,0.4394661,0.19900317,0.18023469,0.18129604
Test_1430,0.43902707,0.18077834,0.1801088,0.20008583
Test_1431,0.354322,0.19255732,0.1884531,0.26466757
Test_1432,0.17550594,0.17763707,0.47135103,0.17550594
Test_1433,0.17487772,0.17487772,0.47536686,0.17487772
Test_1434,0.1750943,0.17581981,0.47399157,0.1750943
Test_1435,0.17489111,0.174923,0.17488872,0.4752971
Test_1436,0.17487961,0.17488599,0.47535473,0.17487961
Test_1437,0.18867813,0.29856813,0.3240359,0.18871789
Test_1438,0.17522444,0.17639059,0.47316054,0.17522444
Test_1439,0.18854326,0.18243629,0.17863,0.45039043
Test_1440,0.17740433,0.1864926,0.45869315,0.17740984
Test_1441,0.17553557,0.1777694,0.47115937,0.17553557
Test_1442,0.1881861,0.28057653,0.34300032,0.18823709
Test_1443,0.47488818,0.17498909,0.17495623,0.17516646
Test_1444,0.17523926,0.17645577,0.47306567,0.17523926
Test_1445,0.18467519,0.17779769,0.17733054,0.46019655
Test_1446,0.47483456,0.17500833,0.17496273,0.17519434
Test_1447,0.17502943,0.17553303,0.17502886,0.4744087
Test_1448,0.46163985,0.17698345,0.17697562,0.18440111
Test_1449,0.17653865,0.18236008,0.46456262,0.17653865
Test_1450,0.4714057,0.17566136,0.1755286,0.17740431
Test_1451,0.17494231,0.17502378,0.17491724,0.47511673
Test_1452,0.17695986,0.17852831,0.17594314,0.46856874
Test_1453,0.17489612,0.17495745,0.47525036,0.17489612
Test_1454,0.46775147,0.17608224,0.17605892,0.18010743
Test_1455,0.18144526,0.20890039,0.42817283,0.18148148
Test_1456,0.17908342,0.1951796,0.44665357,0.17908342
Test_1457,0.17494187,0.1751558,0.47496045,0.17494187
Test_1458,0.17579764,0.17849179,0.17572425,0.46998626
Test_1459,0.17762476,0.18760693,0.45714355,0.17762476
Test_1460,0.17487775,0.17487781,0.4753667,0.17487775
Test_1461,0.17499281,0.1753772,0.47463715,0.17499281
Test_1462,0.17487772,0.17487772,0.47536686,0.17487772
Test_1463,0.17588967,0.17936389,0.46885672,0.17588967
Test_1464,0.17487802,0.17487912,0.47536477,0.17487802
Test_1465,0.17487934,0.17488486,0.47535637,0.17487934
Test_1466,0.17489849,0.17496629,0.47523648,0.17489868
Test_1467,0.45503378,0.17849807,0.17793696,0.1885311
Test_1468,0.18401091,0.22760917,0.18401624,0.40436366
Test_1469,0.46602622,0.17642654,0.17632009,0.18122715
Test_1470,0.1749575,0.17506206,0.17492731,0.47505313
Test_1471,0.17510812,0.17545319,0.47441006,0.17502871
Test_1472,0.1748843,0.17490624,0.4753251,0.1748843
Test_1473,0.4747314,0.17504981,0.17508179,0.17513695
Test_1474,0.17552045,0.17770165,0.4712573,0.17552061
Test_1475,0.1748817,0.17489491,0.4753417,0.1748817
Test_1476,0.17492476,0.17508158,0.17492476,0.4750689
Test_1477,0.17489399,0.1749328,0.1748911,0.47528207
Test_1478,0.17487772,0.17487772,0.47536686,0.17487772
Test_1479,0.21549366,0.20145395,0.19433872,0.38871366
Test_1480,0.17487976,0.17488655,0.475354,0.17487976
Test_1481,0.1775749,0.18631463,0.17782468,0.4582858
Test_1482,0.17826833,0.18243763,0.18432398,0.45497006
Test_1483,0.18394072,0.17717479,0.17692961,0.46195483
Test_1484,0.47405526,0.17510015,0.17511582,0.17572875
Test_1485,0.45053333,0.17955998,0.17982513,0.19008152
Test_1486,0.17490649,0.1750023,0.47518477,0.17490649
Test_1487,0.17488234,0.17489769,0.47533765,0.17488234
Test_1488,0.1748798,0.17488687,0.47535345,0.1748798
Test_1489,0.17489284,0.1749432,0.4752711,0.17489284
Test_1490,0.190436,0.18564804,0.18048151,0.44343445
Test_1491,0.17944165,0.1971448,0.44397187,0.17944166
Test_1492,0.17487817,0.17487966,0.475364,0.17487817
Test_1493,0.44767,0.18541431,0.18574765,0.181168
Test_1494,0.45904136,0.18048048,0.18305948,0.17741871
Test_1495,0.44174647,0.18122008,0.19204457,0.18498893
Test_1496,0.19436136,0.33391815,0.18927301,0.28244746
Test_1497,0.17648038,0.18049076,0.46652088,0.17650795
Test_1498,0.18036331,0.17633641,0.17615297,0.46714726
Test_1499,0.1749725,0.17528875,0.47476625,0.17497247
Test_1500,0.20213285,0.34106472,0.24398945,0.21281292
Test_1501,0.46388203,0.17701814,0.17671213,0.18238772
Test_1502,0.23090549,0.1867461,0.18518755,0.3971609
Test_1503,0.47411582,0.17515846,0.17534903,0.17537673
Test_1504,0.17623073,0.18092622,0.46661234,0.17623073
Test_1505,0.17488103,0.17489205,0.47534585,0.17488103
Test_1506,0.42937383,0.2030344,0.18562794,0.18196389
Test_1507,0.42111847,0.18323259,0.182284,0.21336494
Test_1508,0.17489892,0.17494783,0.4752583,0.17489491
Test_1509,0.17488442,0.17490672,0.17488441,0.47532448
Test_1510,0.1863457,0.25050792,0.3768007,0.1863457
Test_1511,0.1991324,0.18005706,0.17987339,0.4409371
Test_1512,0.17535986,0.17698811,0.47229213,0.17535989
Test_1513,0.17488167,0.17489481,0.47534192,0.17488167
Test_1514,0.17501654,0.17548047,0.4744865,0.17501654
Test_1515,0.17488255,0.17489864,0.47533625,0.17488255
Test_1516,0.17657524,0.17615645,0.17546079,0.4718075
Test_1517,0.17487772,0.17487772,0.47536686,0.17487772
Test_1518,0.17794405,0.18161234,0.17672768,0.4637159
Test_1519,0.17613901,0.17927547,0.17592089,0.46866465
Test_1520,0.17567751,0.17753409,0.17551984,0.47126853
Test_1521,0.47094002,0.17560337,0.17557643,0.17788018
Test_1522,0.18213037,0.42213705,0.21360217,0.18213037
Test_1523,0.18495886,0.17863327,0.17747322,0.45893458
Test_1524,0.47518337,0.17491423,0.17490758,0.1749948
Test_1525,0.46775246,0.17908289,0.17678404,0.17638057
Test_1526,0.17686906,0.18280225,0.17668357,0.46364507
Test_1527,0.17493196,0.17511283,0.4750232,0.17493196
Test_1528,0.18318027,0.17999789,0.17731038,0.45951146
Test_1529,0.17488256,0.17489876,0.4753361,0.17488256
Test_1530,0.4733706,0.1752657,0.17520343,0.17616034
Test_1531,0.17903343,0.19490887,0.44702432,0.17903343
Test_1532,0.46220532,0.17734313,0.17689413,0.18355742
Test_1533,0.17499541,0.17538856,0.47462055,0.17499541
Test_1534,0.1765134,0.46474117,0.18211427,0.17663111
Test_1535,0.1748801,0.17488809,0.47535166,0.1748801
Test_1536,0.17504479,0.17560358,0.47430685,0.1750448
Test_1537,0.17493103,0.17497686,0.17490636,0.47518575
Test_1538,0.17487821,0.17487985,0.47536373,0.17487821
Test_1539,0.1748784,0.1748807,0.47536245,0.1748784
Test_1540,0.1889489,0.329331,0.19246766,0.28925243
Test_1541,0.45697102,0.17940503,0.17839642,0.18522748
Test_1542,0.18430406,0.41207737,0.18518825,0.21843028
Test_1543,0.1748777,0.17487773,0.4753668,0.1748777
Test_1544,0.2002442,0.2912718,0.2172826,0.29120135
Test_1545,0.17489265,0.17492902,0.17489015,0.47528815
Test_1546,0.45242956,0.18284938,0.18324597,0.18147509
Test_1547,0.46145767,0.17723104,0.1770057,0.18430564
Test_1548,0.18434486,0.2098222,0.18375233,0.42208055
Test_1549,0.17491996,0.17500408,0.17490934,0.4751666
Test_1550,0.18431951,0.22912563,0.18433678,0.40221807
Test_1551,0.24667522,0.1988822,0.19837965,0.35606292
Test_1552,0.18288475,0.2102936,0.18224551,0.42457613
Test_1553,0.30502725,0.19234611,0.18918292,0.3134437
Test_1554,0.17497946,0.17531916,0.47472182,0.17497946
Test_1555,0.18675156,0.24502994,0.37719613,0.19102232
Test_1556,0.17487772,0.17487772,0.47536686,0.17487772
Test_1557,0.17528495,0.17587447,0.17514142,0.47369912
Test_1558,0.17508468,0.17577781,0.47405285,0.17508468
Test_1559,0.17744601,0.18672208,0.4583859,0.17744601
Test_1560,0.47128162,0.1756468,0.17552379,0.17754777
Test_1561,0.31772146,0.2353777,0.20187934,0.24502154
Test_1562,0.17491448,0.17503701,0.47513402,0.17491448
Test_1563,0.17487772,0.17487772,0.47536686,0.17487772
Test_1564,0.17492634,0.1750884,0.47505888,0.17492634
Test_1565,0.17495391,0.17520808,0.47488415,0.17495391
Test_1566,0.22882256,0.19442303,0.18585871,0.39089572
Test_1567,0.17487772,0.17487772,0.47536686,0.17487772
Test_1568,0.17493628,0.1751316,0.4749958,0.17493628
Test_1569,0.17488033,0.174889,0.47535038,0.17488033
Test_1570,0.4226921,0.19181666,0.19200046,0.1934908
Test_1571,0.17490093,0.17497823,0.47521988,0.17490093
Test_1572,0.17487796,0.1748788,0.4753653,0.17487796
Test_1573,0.17505752,0.17565915,0.47422582,0.17505752
Test_1574,0.1754057,0.17554781,0.47392794,0.17511852
Test_1575,0.18869624,0.32235622,0.30025128,0.18869624
Test_1576,0.20347294,0.35246155,0.2301456,0.2139199
Test_1577,0.17516613,0.1761344,0.4735334,0.17516613
Test_1578,0.1748778,0.1748781,0.47536626,0.1748778
Test_1579,0.46651396,0.17842065,0.17626964,0.17879577
Test_1580,0.46622452,0.17637573,0.1762902,0.18110959
Test_1581,0.17586079,0.17920627,0.1758579,0.46907505
Test_1582,0.18193415,0.21227993,0.42385176,0.18193415
Test_1583,0.17516115,0.17611256,0.47356516,0.17516115
Test_1584,0.17698467,0.18362963,0.1768454,0.46254027
Test_1585,0.1762796,0.18115018,0.46629086,0.17627934
Test_1586,0.17769343,0.18794881,0.45666394,0.17769378
Test_1587,0.17506528,0.17568287,0.47418636,0.1750655
Test_1588,0.474074,0.17543328,0.17516586,0.17532687
Test_1589,0.1748781,0.17487949,0.47536424,0.1748781
Test_1590,0.18472232,0.23375537,0.39679998,0.18472232
Test_1591,0.46652564,0.17777006,0.17636885,0.17933539
Test_1592,0.3241207,0.20168276,0.18988116,0.28431544
Test_1593,0.1748838,0.17490011,0.17488305,0.4753331
Test_1594,0.17676435,0.17906165,0.17600282,0.46817118
Test_1595,0.17492904,0.17509998,0.47504196,0.17492901
Test_1596,0.47320557,0.17578399,0.175337,0.17567348
Test_1597,0.1748777,0.17487772,0.4753668,0.1748777
Test_1598,0.17612927,0.17968717,0.17599294,0.46819067
Test_1599,0.17488666,0.17491645,0.47531024,0.17488666
Test_1600,0.4705738,0.17629986,0.17588338,0.17724292
Test_1601,0.17566729,0.17682979,0.17538993,0.47211292
Test_1602,0.47372347,0.17532761,0.17514332,0.17580566
Test_1603,0.1748777,0.17487772,0.4753668,0.1748777
Test_1604,0.17487825,0.1748801,0.47536337,0.17487825
Test_1605,0.18260597,0.21599217,0.18270859,0.4186933
Test_1606,0.17676637,0.1834352,0.463032,0.17676637
Test_1607,0.17655826,0.17581834,0.17536668,0.4722567
Test_1608,0.17511646,0.1759169,0.4738501,0.17511646
Test_1609,0.17520489,0.1750202,0.4745922,0.1751827
Test_1610,0.46657035,0.17755629,0.17627093,0.17960246
Test_1611,0.18465133,0.2065057,0.18256909,0.42627388
Test_1612,0.17499541,0.17538856,0.47462055,0.17499541
Test_1613,0.174901,0.1749785,0.47521955,0.174901
Test_1614,0.17805335,0.18976516,0.45412806,0.17805335
Test_1615,0.17528471,0.1753538,0.1750432,0.47431833
Test_1616,0.17489547,0.1749546,0.47525445,0.17489547
Test_1617,0.17488045,0.17488961,0.47534946,0.17488045
Test_1618,0.3001278,0.26107323,0.22494063,0.2138583
Test_1619,0.17860891,0.17818606,0.17617615,0.46702898
Test_1620,0.17488147,0.17489402,0.475343,0.17488147
Test_1621,0.1855052,0.24086516,0.18549088,0.38813877
Test_1622,0.29784146,0.19521765,0.18943015,0.31751072
Test_1623,0.17802428,0.18937433,0.17818831,0.4544131
Test_1624,0.43919203,0.18088576,0.18008702,0.19983523
Test_1625,0.17489287,0.17494337,0.47527087,0.17489287
Test_1626,0.18075596,0.20477518,0.4337129,0.18075596
Test_1627,0.17496173,0.17524204,0.47483456,0.17496173
Test_1628,0.17552267,0.1777117,0.471243,0.17552267
Test_1629,0.17669553,0.17560747,0.17535216,0.47234488
Test_1630,0.17687754,0.17581113,0.17542419,0.47188717
Test_1631,0.17487791,0.17487858,0.47536564,0.17487791
Test_1632,0.17671913,0.18321082,0.46335098,0.17671907
Test_1633,0.174884,0.17490505,0.47532684,0.174884
Test_1634,0.17492822,0.17509662,0.4750469,0.17492822
Test_1635,0.17495103,0.17519556,0.47490242,0.17495103
Test_1636,0.17624518,0.18099308,0.46651646,0.17624518
Test_1637,0.17487952,0.17488554,0.4753554,0.17487952
Test_1638,0.4643464,0.1773761,0.17666337,0.18161415
Test_1639,0.18870856,0.29466125,0.3271733,0.18945685
Test_1640,0.39310753,0.18524805,0.18506615,0.23657821
Test_1641,0.17533273,0.1750277,0.17499326,0.4746464
Test_1642,0.46637744,0.17643721,0.17626764,0.18091771
Test_1643,0.17489351,0.1749356,0.4752792,0.17489168
Test_1644,0.17488256,0.1748988,0.475336,0.17488256
Test_1645,0.17489003,0.17493103,0.47528893,0.17489003
Test_1646,0.1785678,0.1924272,0.45043725,0.1785678
Test_1647,0.24123332,0.37423423,0.19577037,0.18876207
Test_1648,0.17580213,0.17896709,0.46942863,0.17580213
Test_1649,0.17488039,0.17488927,0.47535,0.17488039
Test_1650,0.17490166,0.17498147,0.4752152,0.17490166
Test_1651,0.180856,0.43706885,0.1820684,0.20000672
Test_1652,0.17498311,0.17533502,0.47469872,0.17498311
Test_1653,0.17497733,0.17530984,0.47473547,0.17497733
Test_1654,0.17883867,0.17605236,0.4692663,0.17584263
Test_1655,0.17632009,0.1813367,0.17632021,0.466023
Test_1656,0.1749322,0.17511381,0.4750218,0.1749322
Test_1657,0.26880842,0.22702134,0.24383278,0.26033744
Test_1658,0.18104438,0.20654845,0.43136284,0.18104438
Test_1659,0.17487803,0.17487915,0.47536477,0.17487803
Test_1660,0.17516594,0.17525761,0.17500523,0.47457126
Test_1661,0.17496763,0.17526634,0.4747976,0.17496845
Test_1662,0.18265468,0.17744458,0.17679617,0.46310458
Test_1663,0.17980386,0.19917928,0.44121304,0.17980386
Test_1664,0.18806458,0.3476348,0.18820162,0.276099
Test_1665,0.17514078,0.17590114,0.47383887,0.1751193
Test_1666,0.17487776,0.17487794,0.4753665,0.17487776
Test_1667,0.4726559,0.17532972,0.17530333,0.17671098
Test_1668,0.17489824,0.17492434,0.17489031,0.47528708
Test_1669,0.17701177,0.18460837,0.46136802,0.17701177
Test_1670,0.1850012,0.3937735,0.23609683,0.1851285
Test_1671,0.17487983,0.17488691,0.47535345,0.17487983
Test_1672,0.19008188,0.2997988,0.31897047,0.19114885
Test_1673,0.18252881,0.42104435,0.18515295,0.21127388
Test_1674,0.17492421,0.17506139,0.17492089,0.47509354
Test_1675,0.47477502,0.17508605,0.1750017,0.17513715
Test_1676,0.24668963,0.20647484,0.33295366,0.21388184
Test_1677,0.1900689,0.2172222,0.2480265,0.34468243
Test_1678,0.17487828,0.1748802,0.47536325,0.17487828
Test_1679,0.17535423,0.4723336,0.17640011,0.17591201
Test_1680,0.18362856,0.17718118,0.17695265,0.46223763
Test_1681,0.17712714,0.18516159,0.46058163,0.17712973
Test_1682,0.1849018,0.23539606,0.39480034,0.1849018
Test_1683,0.1751834,0.17621018,0.47342306,0.1751834
Test_1684,0.46767327,0.17629735,0.17607176,0.17995761
Test_1685,0.47393727,0.17524679,0.17510346,0.17571257
Test_1686,0.43294147,0.18477264,0.18097806,0.20130792
Test_1687,0.18070374,0.20445828,0.4341342,0.18070377
Test_1688,0.17487772,0.17487772,0.47536686,0.17487772
Test_1689,0.43583235,0.18172823,0.18052872,0.20191072
Test_1690,0.18746182,0.2278803,0.18922125,0.39543664
Test_1691,0.17905276,0.44688752,0.17909296,0.1949668
Test_1692,0.1751566,0.1760926,0.4735942,0.17515662
Test_1693,0.17492497,0.17500202,0.1749099,0.47516313
Test_1694,0.17487772,0.17487772,0.47536686,0.17487772
Test_1695,0.17488757,0.1749203,0.47530463,0.17488757
Test_1696,0.18421735,0.40254578,0.22843878,0.18479809
Test_1697,0.17488278,0.17489968,0.4753347,0.17488278
Test_1698,0.17566384,0.17833713,0.47033316,0.17566593
Test_1699,0.22419254,0.18483034,0.18378943,0.40718773
Test_1700,0.4730011,0.1753109,0.17525084,0.17643724
Test_1701,0.1780441,0.18971793,0.4541939,0.1780441
Test_1702,0.18833579,0.28490388,0.33842456,0.18833579
Test_1703,0.17763954,0.18768021,0.45704055,0.17763971
Test_1704,0.47348052,0.17521574,0.17517515,0.1761286
Test_1705,0.17491406,0.17503516,0.4751367,0.17491406
Test_1706,0.18968225,0.3085247,0.3098393,0.19195375
Test_1707,0.17527275,0.1765468,0.47290376,0.17527671
Test_1708,0.17722319,0.18559541,0.4599639,0.17721757
Test_1709,0.17614579,0.18053474,0.46717358,0.17614579
Test_1710,0.17488967,0.17492953,0.47529107,0.17488967
Test_1711,0.18420774,0.19752887,0.4223286,0.19593477
Test_1712,0.17488328,0.17490189,0.4753315,0.17488328
Test_1713,0.17497033,0.17527945,0.47477984,0.17497033
Test_1714,0.17957538,0.45310125,0.18156762,0.1857557
Test_1715,0.17974949,0.17652608,0.17612748,0.4675969
Test_1716,0.41546783,0.18486863,0.18296118,0.21670233
Test_1717,0.1749221,0.17506966,0.17492203,0.47508624
Test_1718,0.46196717,0.17716667,0.17692693,0.18393922
Test_1719,0.17490125,0.17497963,0.47521788,0.17490125
Test_1720,0.17487797,0.1748789,0.4753651,0.17487797
Test_1721,0.17546213,0.17744194,0.4716338,0.17546213
Test_1722,0.17491828,0.1750535,0.4751099,0.17491828
Test_1723,0.17488156,0.17489292,0.47534353,0.17488194
Test_1724,0.17488702,0.17491801,0.47530794,0.17488702
Test_1725,0.17513506,0.17599821,0.4737317,0.17513506
Test_1726,0.17567688,0.17585634,0.17527099,0.47319582
Test_1727,0.4339107,0.18334208,0.18102282,0.20172441
Test_1728,0.1892165,0.34107134,0.28062898,0.18908319
Test_1729,0.1748831,0.17490104,0.47533277,0.1748831
Test_1730,0.31703275,0.19287814,0.19099438,0.2990947
Test_1731,0.17487971,0.17488644,0.4753541,0.17487971
Test_1732,0.17489909,0.17497024,0.47523162,0.17489909
Test_1733,0.46630242,0.17871593,0.1776071,0.17737454
Test_1734,0.17488329,0.17490187,0.47533157,0.17488329
Test_1735,0.17774546,0.18820943,0.4562997,0.17774546
Test_1736,0.1749382,0.17513983,0.47498378,0.1749382
Test_1737,0.18144596,0.2025142,0.1805651,0.4354747
Test_1738,0.18261677,0.17711404,0.17669237,0.46357676
Test_1739,0.17502736,0.17552756,0.47441775,0.17502736
Test_1740,0.1748777,0.17487772,0.4753668,0.1748777
Test_1741,0.21593373,0.2245967,0.18976386,0.36970565
Test_1742,0.17514937,0.17605516,0.47364718,0.17514832
Test_1743,0.17811391,0.18043636,0.46481895,0.17663074
Test_1744,0.17487778,0.17487802,0.47536638,0.17487778
Test_1745,0.17487778,0.17487797,0.4753665,0.17487778
Test_1746,0.17653926,0.18236299,0.46455848,0.17653926
Test_1747,0.1768166,0.17774808,0.17588091,0.4695544
Test_1748,0.17517051,0.17615359,0.47350538,0.17517051
Test_1749,0.18554692,0.24167486,0.38723135,0.18554692
Test_1750,0.17518729,0.17497705,0.17495447,0.47488123
Test_1751,0.18168962,0.17654775,0.17642419,0.4653384
Test_1752,0.3899007,0.18598405,0.18540727,0.23870797
Test_1753,0.39696586,0.18587725,0.18477228,0.23238456
Test_1754,0.31061184,0.18910995,0.18880777,0.31147045
Test_1755,0.17487915,0.17488395,0.47535777,0.17487915
Test_1756,0.17498016,0.17532188,0.47471786,0.17498012
Test_1757,0.17629668,0.17763369,0.17565274,0.4704169
Test_1758,0.44768095,0.17979325,0.17896502,0.1935607
Test_1759,0.17612942,0.17903222,0.17588788,0.46895048
Test_1760,0.17487931,0.17488469,0.47535664,0.17487931
Test_1761,0.43269303,0.18140897,0.18090047,0.20499745
Test_1762,0.19334318,0.18281712,0.19709237,0.42674732
Test_1763,0.17491798,0.17505214,0.4751119,0.17491798
Test_1764,0.17488633,0.17491505,0.4753123,0.17488633
Test_1765,0.4560115,0.18176636,0.17784673,0.18437539
Test_1766,0.46656793,0.17680675,0.18002784,0.1765975
Test_1767,0.1750454,0.17560609,0.47430283,0.17504562
Test_1768,0.17488082,0.17489119,0.4753471,0.17488082
Test_1769,0.4359193,0.18070242,0.18048754,0.20289068
Test_1770,0.18866791,0.17881984,0.17801617,0.45449606
Test_1771,0.17488436,0.1749065,0.47532475,0.17488436
Test_1772,0.1748778,0.17487817,0.47536618,0.1748778
Test_1773,0.18507485,0.21081546,0.39952853,0.20458117
Test_1774,0.47480813,0.17499143,0.17497641,0.17522404
Test_1775,0.17505005,0.17561987,0.47428036,0.17504974
Test_1776,0.18954386,0.17854539,0.17812404,0.45378673
Test_1777,0.17490098,0.17497858,0.47521934,0.17490098
Test_1778,0.47408623,0.17510562,0.17507951,0.17572863
Test_1779,0.17487793,0.17487866,0.47536552,0.17487793
Test_1780,0.175697,0.1784928,0.47011322,0.175697
Test_1781,0.17781276,0.18852691,0.45585048,0.17780976
Test_1782,0.17637965,0.18161687,0.4656239,0.17637965
Test_1783,0.17490548,0.17492533,0.475276,0.17489313
Test_1784,0.1748967,0.17495991,0.4752467,0.1748967
Test_1785,0.18102922,0.1855307,0.17788592,0.45555416
Test_1786,0.45563763,0.182726,0.17824587,0.18339041
Test_1787,0.17634353,0.18041874,0.17619881,0.4670389
Test_1788,0.41579872,0.18354079,0.1828656,0.21779491
Test_1789,0.46510273,0.17651662,0.17645845,0.1819221
Test_1790,0.44551843,0.1832028,0.17942092,0.19185784
Test_1791,0.41507387,0.18302543,0.18291649,0.21898416
Test_1792,0.17642839,0.18184406,0.46529922,0.17642839
Test_1793,0.17860302,0.19261248,0.45018148,0.17860302
Test_1794,0.17487895,0.17488313,0.47535893,0.17487895
Test_1795,0.17854889,0.18816184,0.1779194,0.45536992
Test_1796,0.1750783,0.17574991,0.47409347,0.1750783
Test_1797,0.1755351,0.17776705,0.4711627,0.17553517
Test_1798,0.4743568,0.17525785,0.17505257,0.17533278
Test_1799,0.18766938,0.26782152,0.1875877,0.35692134
Test_1800,0.45292506,0.18515171,0.18047194,0.18145129
Test_1801,0.4088058,0.1878023,0.18394732,0.21944462
Test_1802,0.17487961,0.174886,0.47535473,0.17487961
Test_1803,0.1764067,0.18174289,0.4654437,0.1764067
Test_1804,0.1749443,0.17516632,0.47494513,0.1749443
Test_1805,0.41080016,0.18398042,0.18339214,0.22182727
Test_1806,0.18706697,0.2577879,0.18697445,0.36817065
Test_1807,0.24957712,0.24966873,0.29660562,0.20414855
Test_1808,0.17710085,0.18306479,0.17676659,0.46306777
Test_1809,0.43467057,0.18694974,0.18107763,0.19730204
Test_1810,0.17684868,0.18382697,0.4624756,0.17684872
Test_1811,0.23538165,0.2733126,0.28714845,0.2041573
Test_1812,0.17488141,0.17489378,0.47534332,0.17488141
Test_1813,0.1752016,0.17574619,0.17510079,0.47395146
Test_1814,0.17631432,0.18131337,0.4660579,0.17631432
Test_1815,0.17488801,0.17492232,0.47530162,0.17488801
Test_1816,0.17502822,0.17553143,0.4744121,0.17502822
Test_1817,0.18878476,0.3267702,0.19023865,0.2942064
Test_1818,0.1826403,0.21714914,0.4175703,0.1826403
Test_1819,0.44996238,0.17884786,0.17864224,0.19254749
Test_1820,0.18998332,0.2895101,0.20163876,0.3188678
